Date,constituency_name,first_party
13/12/2019,Aberavon,Lab
13/12/2019,Aberconwy,Con
13/12/2019,Aberdeen North,SNP
13/12/2019,Aberdeen South,SNP
13/12/2019,Airdrie and Shotts,SNP
13/12/2019,Aldershot,Con
13/12/2019,Aldridge-Brownhills,Con
13/12/2019,Altrincham and Sale West,Con
13/12/2019,Alyn and Deeside,Lab
13/12/2019,Amber Valley,Con
13/12/2019,Angus,SNP
13/12/2019,Arfon,PC
13/12/2019,Argyll and Bute,SNP
13/12/2019,Arundel and South Downs,Con
13/12/2019,Ashfield,Con
13/12/2019,Ashford,Con
13/12/2019,Ashton-Under-Lyne,Lab
13/12/2019,Aylesbury,Con
13/12/2019,"Ayr, Carrick and Cumnock",SNP
13/12/2019,Banbury,Con
13/12/2019,Banff and Buchan,Con
13/12/2019,Barking,Lab
13/12/2019,Barnsley Central,Lab
13/12/2019,Barnsley East,Lab
13/12/2019,Barrow and Furness,Con
13/12/2019,Basildon and Billericay,Con
13/12/2019,Basingstoke,Con
13/12/2019,Bassetlaw,Con
13/12/2019,Bath,LD
13/12/2019,Batley and Spen,Lab
13/12/2019,Battersea,Lab
13/12/2019,Beaconsfield,Con
13/12/2019,Beckenham,Con
13/12/2019,Bedford,Lab
13/12/2019,Belfast East,DUP
13/12/2019,Belfast North,SF
13/12/2019,Belfast South,SDLP
13/12/2019,Belfast West,SF
13/12/2019,Bermondsey and Old Southwark,Lab
13/12/2019,"Berwickshire, Roxburgh and Selkirk",Con
13/12/2019,Berwick-Upon-Tweed,Con
13/12/2019,Bethnal Green and Bow,Lab
13/12/2019,Beverley and Holderness,Con
13/12/2019,Bexhill and Battle,Con
13/12/2019,Bexleyheath and Crayford,Con
13/12/2019,Birkenhead,Lab
13/12/2019,"Birmingham, Edgbaston",Lab
13/12/2019,"Birmingham, Erdington",Lab
13/12/2019,"Birmingham, Hall Green",Lab
13/12/2019,"Birmingham, Hodge Hill",Lab
13/12/2019,"Birmingham, Ladywood",Lab
13/12/2019,"Birmingham, Northfield",Con
13/12/2019,"Birmingham, Perry Barr",Lab
13/12/2019,"Birmingham, Selly Oak",Lab
13/12/2019,"Birmingham, Yardley",Lab
13/12/2019,Bishop Auckland,Con
13/12/2019,Blackburn,Lab
13/12/2019,Blackley and Broughton,Lab
13/12/2019,Blackpool North and Cleveleys,Con
13/12/2019,Blackpool South,Con
13/12/2019,Blaenau Gwent,Lab
13/12/2019,Blaydon,Lab
13/12/2019,Blyth Valley,Con
13/12/2019,Bognor Regis and Littlehampton,Con
13/12/2019,Bolsover,Con
13/12/2019,Bolton North East,Con
13/12/2019,Bolton South East,Lab
13/12/2019,Bolton West,Con
13/12/2019,Bootle,Lab
13/12/2019,Boston and Skegness,Con
13/12/2019,Bosworth,Con
13/12/2019,Bournemouth East,Con
13/12/2019,Bournemouth West,Con
13/12/2019,Bracknell,Con
13/12/2019,Bradford East,Lab
13/12/2019,Bradford South,Lab
13/12/2019,Bradford West,Lab
13/12/2019,Braintree,Con
13/12/2019,Brecon and Radnorshire,Con
13/12/2019,Brent Central,Lab
13/12/2019,Brentford and Isleworth,Lab
13/12/2019,Brent North,Lab
13/12/2019,Brentwood and Ongar,Con
13/12/2019,Bridgend,Con
13/12/2019,Bridgwater and West Somerset,Con
13/12/2019,Brigg and Goole,Con
13/12/2019,"Brighton, Kemptown",Lab
13/12/2019,"Brighton, Pavilion",Green
13/12/2019,Bristol East,Lab
13/12/2019,Bristol North West,Lab
13/12/2019,Bristol South,Lab
13/12/2019,Bristol West,Lab
13/12/2019,Broadland,Con
13/12/2019,Bromley and Chislehurst,Con
13/12/2019,Bromsgrove,Con
13/12/2019,Broxbourne,Con
13/12/2019,Broxtowe,Con
13/12/2019,Buckingham,Con
13/12/2019,Burnley,Con
13/12/2019,Burton,Con
13/12/2019,Bury North,Con
13/12/2019,Bury South,Con
13/12/2019,Bury St Edmunds,Con
13/12/2019,Caerphilly,Lab
13/12/2019,"Caithness, Sutherland and Easter Ross",LD
13/12/2019,Calder Valley,Con
13/12/2019,Camberwell and Peckham,Lab
13/12/2019,Camborne and Redruth,Con
13/12/2019,Cambridge,Lab
13/12/2019,Cannock Chase,Con
13/12/2019,Canterbury,Lab
13/12/2019,Cardiff Central,Lab
13/12/2019,Cardiff North,Lab
13/12/2019,Cardiff South and Penarth,Lab
13/12/2019,Cardiff West,Lab
13/12/2019,Carlisle,Con
13/12/2019,Carmarthen East and Dinefwr,PC
13/12/2019,Carmarthen West and South Pembrokeshire,Con
13/12/2019,Carshalton and Wallington,Con
13/12/2019,Castle Point,Con
13/12/2019,Central Ayrshire,SNP
13/12/2019,Central Devon,Con
13/12/2019,Central Suffolk and North Ipswich,Con
13/12/2019,Ceredigion,PC
13/12/2019,Charnwood,Con
13/12/2019,Chatham and Aylesford,Con
13/12/2019,Cheadle,Con
13/12/2019,Chelmsford,Con
13/12/2019,Chelsea and Fulham,Con
13/12/2019,Cheltenham,Con
13/12/2019,Chesham and Amersham,Con
13/12/2019,Chesterfield,Lab
13/12/2019,Chichester,Con
13/12/2019,Chingford and Woodford Green,Con
13/12/2019,Chippenham,Con
13/12/2019,Chipping Barnet,Con
13/12/2019,Chorley,Spk
13/12/2019,Christchurch,Con
13/12/2019,Cities Of London and Westminster,Con
13/12/2019,City Of Chester,Lab
13/12/2019,City Of Durham,Lab
13/12/2019,Clacton,Con
13/12/2019,Cleethorpes,Con
13/12/2019,Clwyd South,Con
13/12/2019,Clwyd West,Con
13/12/2019,"Coatbridge, Chryston and Bellshill",SNP
13/12/2019,Colchester,Con
13/12/2019,Colne Valley,Con
13/12/2019,Congleton,Con
13/12/2019,Copeland,Con
13/12/2019,Corby,Con
13/12/2019,Coventry North East,Lab
13/12/2019,Coventry North West,Lab
13/12/2019,Coventry South,Lab
13/12/2019,Crawley,Con
13/12/2019,Crewe and Nantwich,Con
13/12/2019,Croydon Central,Lab
13/12/2019,Croydon North,Lab
13/12/2019,Croydon South,Con
13/12/2019,"Cumbernauld, Kilsyth and Kirkintilloch East",SNP
13/12/2019,Cynon Valley,Lab
13/12/2019,Dagenham and Rainham,Lab
13/12/2019,Darlington,Con
13/12/2019,Dartford,Con
13/12/2019,Daventry,Con
13/12/2019,Delyn,Con
13/12/2019,Denton and Reddish,Lab
13/12/2019,Derby North,Con
13/12/2019,Derbyshire Dales,Con
13/12/2019,Derby South,Lab
13/12/2019,Devizes,Con
13/12/2019,Dewsbury,Con
13/12/2019,Doncaster Central,Lab
13/12/2019,Doncaster North,Lab
13/12/2019,Don Valley,Con
13/12/2019,Dover,Con
13/12/2019,Dudley North,Con
13/12/2019,Dudley South,Con
13/12/2019,Dulwich and West Norwood,Lab
13/12/2019,Dumfries and Galloway,Con
13/12/2019,"Dumfriesshire, Clydesdale and Tweeddale",Con
13/12/2019,Dundee East,SNP
13/12/2019,Dundee West,SNP
13/12/2019,Dunfermline and West Fife,SNP
13/12/2019,Dwyfor Meirionnydd,PC
13/12/2019,Ealing Central and Acton,Lab
13/12/2019,Ealing North,Lab
13/12/2019,"Ealing, Southall",Lab
13/12/2019,Easington,Lab
13/12/2019,East Antrim,DUP
13/12/2019,Eastbourne,Con
13/12/2019,East Devon,Con
13/12/2019,East Dunbartonshire,SNP
13/12/2019,East Ham,Lab
13/12/2019,East Hampshire,Con
13/12/2019,"East Kilbride, Strathaven and Lesmahagow",SNP
13/12/2019,Eastleigh,Con
13/12/2019,East Londonderry,DUP
13/12/2019,East Lothian,SNP
13/12/2019,East Renfrewshire,SNP
13/12/2019,East Surrey,Con
13/12/2019,East Worthing and Shoreham,Con
13/12/2019,East Yorkshire,Con
13/12/2019,Eddisbury,Con
13/12/2019,Edinburgh East,SNP
13/12/2019,Edinburgh North and Leith,SNP
13/12/2019,Edinburgh South,Lab
13/12/2019,Edinburgh South West,SNP
13/12/2019,Edinburgh West,LD
13/12/2019,Edmonton,Lab
13/12/2019,Ellesmere Port and Neston,Lab
13/12/2019,Elmet and Rothwell,Con
13/12/2019,Eltham,Lab
13/12/2019,Enfield North,Lab
13/12/2019,"Enfield, Southgate",Lab
13/12/2019,Epping Forest,Con
13/12/2019,Epsom and Ewell,Con
13/12/2019,Erewash,Con
13/12/2019,Erith and Thamesmead,Lab
13/12/2019,Esher and Walton,Con
13/12/2019,Exeter,Lab
13/12/2019,Falkirk,SNP
13/12/2019,Fareham,Con
13/12/2019,Faversham and Mid Kent,Con
13/12/2019,Feltham and Heston,Lab
13/12/2019,Fermanagh and South Tyrone,SF
13/12/2019,Filton and Bradley Stoke,Con
13/12/2019,Finchley and Golders Green,Con
13/12/2019,Folkestone and Hythe,Con
13/12/2019,Forest Of Dean,Con
13/12/2019,Foyle,SDLP
13/12/2019,Fylde,Con
13/12/2019,Gainsborough,Con
13/12/2019,Garston and Halewood,Lab
13/12/2019,Gateshead,Lab
13/12/2019,Gedling,Con
13/12/2019,Gillingham and Rainham,Con
13/12/2019,Glasgow Central,SNP
13/12/2019,Glasgow East,SNP
13/12/2019,Glasgow North,SNP
13/12/2019,Glasgow North East,SNP
13/12/2019,Glasgow North West,SNP
13/12/2019,Glasgow South,SNP
13/12/2019,Glasgow South West,SNP
13/12/2019,Glenrothes,SNP
13/12/2019,Gloucester,Con
13/12/2019,Gordon,SNP
13/12/2019,Gosport,Con
13/12/2019,Gower,Lab
13/12/2019,Grantham and Stamford,Con
13/12/2019,Gravesham,Con
13/12/2019,Great Grimsby,Con
13/12/2019,Great Yarmouth,Con
13/12/2019,Greenwich and Woolwich,Lab
13/12/2019,Guildford,Con
13/12/2019,Hackney North and Stoke Newington,Lab
13/12/2019,Hackney South and Shoreditch,Lab
13/12/2019,Halesowen and Rowley Regis,Con
13/12/2019,Halifax,Lab
13/12/2019,Haltemprice and Howden,Con
13/12/2019,Halton,Lab
13/12/2019,Hammersmith,Lab
13/12/2019,Hampstead and Kilburn,Lab
13/12/2019,Harborough,Con
13/12/2019,Harlow,Con
13/12/2019,Harrogate and Knaresborough,Con
13/12/2019,Harrow East,Con
13/12/2019,Harrow West,Lab
13/12/2019,Hartlepool,Lab
13/12/2019,Harwich and North Essex,Con
13/12/2019,Hastings and Rye,Con
13/12/2019,Havant,Con
13/12/2019,Hayes and Harlington,Lab
13/12/2019,Hazel Grove,Con
13/12/2019,Hemel Hempstead,Con
13/12/2019,Hemsworth,Lab
13/12/2019,Hendon,Con
13/12/2019,Henley,Con
13/12/2019,Hereford and South Herefordshire,Con
13/12/2019,Hertford and Stortford,Con
13/12/2019,Hertsmere,Con
13/12/2019,Hexham,Con
13/12/2019,Heywood and Middleton,Con
13/12/2019,High Peak,Con
13/12/2019,Hitchin and Harpenden,Con
13/12/2019,Holborn and St Pancras,Lab
13/12/2019,Hornchurch and Upminster,Con
13/12/2019,Hornsey and Wood Green,Lab
13/12/2019,Horsham,Con
13/12/2019,Houghton and Sunderland South,Lab
13/12/2019,Hove,Lab
13/12/2019,Huddersfield,Lab
13/12/2019,Huntingdon,Con
13/12/2019,Hyndburn,Con
13/12/2019,Ilford North,Lab
13/12/2019,Ilford South,Lab
13/12/2019,Inverclyde,SNP
13/12/2019,"Inverness, Nairn, Badenoch and Strathspey",SNP
13/12/2019,Ipswich,Con
13/12/2019,Isle Of Wight,Con
13/12/2019,Islington North,Lab
13/12/2019,Islington South and Finsbury,Lab
13/12/2019,Islwyn,Lab
13/12/2019,Jarrow,Lab
13/12/2019,Keighley,Con
13/12/2019,Kenilworth and Southam,Con
13/12/2019,Kensington,Con
13/12/2019,Kettering,Con
13/12/2019,Kilmarnock and Loudoun,SNP
13/12/2019,Kingston and Surbiton,LD
13/12/2019,Kingston upon Hull East,Lab
13/12/2019,Kingston upon Hull North,Lab
13/12/2019,Kingston upon Hull West and Hessle,Lab
13/12/2019,Kingswood,Con
13/12/2019,Kirkcaldy and Cowdenbeath,SNP
13/12/2019,Knowsley,Lab
13/12/2019,Lagan Valley,DUP
13/12/2019,Lanark and Hamilton East,SNP
13/12/2019,Lancaster and Fleetwood,Lab
13/12/2019,Leeds Central,Lab
13/12/2019,Leeds East,Lab
13/12/2019,Leeds North East,Lab
13/12/2019,Leeds North West,Lab
13/12/2019,Leeds West,Lab
13/12/2019,Leicester East,Lab
13/12/2019,Leicester South,Lab
13/12/2019,Leicester West,Lab
13/12/2019,Leigh,Con
13/12/2019,Lewes,Con
13/12/2019,"Lewisham, Deptford",Lab
13/12/2019,Lewisham East,Lab
13/12/2019,Lewisham West and Penge,Lab
13/12/2019,Leyton and Wanstead,Lab
13/12/2019,Lichfield,Con
13/12/2019,Lincoln,Con
13/12/2019,Linlithgow and East Falkirk,SNP
13/12/2019,"Liverpool, Riverside",Lab
13/12/2019,"Liverpool, Walton",Lab
13/12/2019,"Liverpool, Wavertree",Lab
13/12/2019,"Liverpool, West Derby",Lab
13/12/2019,Livingston,SNP
13/12/2019,Llanelli,Lab
13/12/2019,Loughborough,Con
13/12/2019,Louth and Horncastle,Con
13/12/2019,Ludlow,Con
13/12/2019,Luton North,Lab
13/12/2019,Luton South,Lab
13/12/2019,Macclesfield,Con
13/12/2019,Maidenhead,Con
13/12/2019,Maidstone and The Weald,Con
13/12/2019,Makerfield,Lab
13/12/2019,Maldon,Con
13/12/2019,Manchester Central,Lab
13/12/2019,"Manchester, Gorton",Lab
13/12/2019,"Manchester, Withington",Lab
13/12/2019,Mansfield,Con
13/12/2019,Meon Valley,Con
13/12/2019,Meriden,Con
13/12/2019,Merthyr Tydfil and Rhymney,Lab
13/12/2019,Mid Bedfordshire,Con
13/12/2019,Mid Derbyshire,Con
13/12/2019,Middlesbrough,Lab
13/12/2019,Middlesbrough South and East Cleveland,Con
13/12/2019,Mid Dorset and North Poole,Con
13/12/2019,Midlothian,SNP
13/12/2019,Mid Norfolk,Con
13/12/2019,Mid Sussex,Con
13/12/2019,Mid Ulster,SF
13/12/2019,Mid Worcestershire,Con
13/12/2019,Milton Keynes North,Con
13/12/2019,Milton Keynes South,Con
13/12/2019,Mitcham and Morden,Lab
13/12/2019,Mole Valley,Con
13/12/2019,Monmouth,Con
13/12/2019,Montgomeryshire,Con
13/12/2019,Moray,Con
13/12/2019,Morecambe and Lunesdale,Con
13/12/2019,Morley and Outwood,Con
13/12/2019,Motherwell and Wishaw,SNP
13/12/2019,Na h-Eileanan An Iar,SNP
13/12/2019,Neath,Lab
13/12/2019,Newark,Con
13/12/2019,Newbury,Con
13/12/2019,Newcastle-Under-Lyme,Con
13/12/2019,Newcastle Upon Tyne Central,Lab
13/12/2019,Newcastle Upon Tyne East,Lab
13/12/2019,Newcastle Upon Tyne North,Lab
13/12/2019,New Forest East,Con
13/12/2019,New Forest West,Con
13/12/2019,Newport East,Lab
13/12/2019,Newport West,Lab
13/12/2019,Newry and Armagh,SF
13/12/2019,Newton Abbot,Con
13/12/2019,"Normanton, Pontefract and Castleford",Lab
13/12/2019,Northampton North,Con
13/12/2019,Northampton South,Con
13/12/2019,North Antrim,DUP
13/12/2019,North Ayrshire and Arran,SNP
13/12/2019,North Cornwall,Con
13/12/2019,North Devon,Con
13/12/2019,North Dorset,Con
13/12/2019,North Down,Alliance
13/12/2019,North Durham,Lab
13/12/2019,North East Bedfordshire,Con
13/12/2019,North East Cambridgeshire,Con
13/12/2019,North East Derbyshire,Con
13/12/2019,North East Fife,LD
13/12/2019,North East Hampshire,Con
13/12/2019,North East Hertfordshire,Con
13/12/2019,North East Somerset,Con
13/12/2019,North Herefordshire,Con
13/12/2019,North Norfolk,Con
13/12/2019,North Shropshire,Con
13/12/2019,North Somerset,Con
13/12/2019,North Swindon,Con
13/12/2019,North Thanet,Con
13/12/2019,North Tyneside,Lab
13/12/2019,North Warwickshire,Con
13/12/2019,North West Cambridgeshire,Con
13/12/2019,North West Durham,Con
13/12/2019,North West Hampshire,Con
13/12/2019,North West Leicestershire,Con
13/12/2019,North West Norfolk,Con
13/12/2019,North Wiltshire,Con
13/12/2019,Norwich North,Con
13/12/2019,Norwich South,Lab
13/12/2019,Nottingham East,Lab
13/12/2019,Nottingham North,Lab
13/12/2019,Nottingham South,Lab
13/12/2019,Nuneaton,Con
13/12/2019,Ochil and South Perthshire,SNP
13/12/2019,Ogmore,Lab
13/12/2019,Old Bexley and Sidcup,Con
13/12/2019,Oldham East and Saddleworth,Lab
13/12/2019,Oldham West and Royton,Lab
13/12/2019,Orkney and Shetland,LD
13/12/2019,Orpington,Con
13/12/2019,Oxford East,Lab
13/12/2019,Oxford West and Abingdon,LD
13/12/2019,Paisley and Renfrewshire North,SNP
13/12/2019,Paisley and Renfrewshire South,SNP
13/12/2019,Pendle,Con
13/12/2019,Penistone and Stocksbridge,Con
13/12/2019,Penrith and The Border,Con
13/12/2019,Perth and North Perthshire,SNP
13/12/2019,Peterborough,Con
13/12/2019,"Plymouth, Moor View",Con
13/12/2019,"Plymouth, Sutton and Devonport",Lab
13/12/2019,Pontypridd,Lab
13/12/2019,Poole,Con
13/12/2019,Poplar and Limehouse,Lab
13/12/2019,Portsmouth North,Con
13/12/2019,Portsmouth South,Lab
13/12/2019,Preseli Pembrokeshire,Con
13/12/2019,Preston,Lab
13/12/2019,Pudsey,Con
13/12/2019,Putney,Lab
13/12/2019,Rayleigh and Wickford,Con
13/12/2019,Reading East,Lab
13/12/2019,Reading West,Con
13/12/2019,Redcar,Con
13/12/2019,Redditch,Con
13/12/2019,Reigate,Con
13/12/2019,Rhondda,Lab
13/12/2019,Ribble Valley,Con
13/12/2019,Richmond Park,LD
13/12/2019,Richmond (Yorks),Con
13/12/2019,Rochdale,Lab
13/12/2019,Rochester and Strood,Con
13/12/2019,Rochford and Southend East,Con
13/12/2019,Romford,Con
13/12/2019,Romsey and Southampton North,Con
13/12/2019,Rossendale and Darwen,Con
13/12/2019,"Ross, Skye and Lochaber",SNP
13/12/2019,Rotherham,Lab
13/12/2019,Rother Valley,Con
13/12/2019,Rugby,Con
13/12/2019,"Ruislip, Northwood and Pinner",Con
13/12/2019,Runnymede and Weybridge,Con
13/12/2019,Rushcliffe,Con
13/12/2019,Rutherglen and Hamilton West,SNP
13/12/2019,Rutland and Melton,Con
13/12/2019,Saffron Walden,Con
13/12/2019,Salford and Eccles,Lab
13/12/2019,Salisbury,Con
13/12/2019,Scarborough and Whitby,Con
13/12/2019,Scunthorpe,Con
13/12/2019,Sedgefield,Con
13/12/2019,Sefton Central,Lab
13/12/2019,Selby and Ainsty,Con
13/12/2019,Sevenoaks,Con
13/12/2019,"Sheffield, Brightside and Hillsborough",Lab
13/12/2019,Sheffield Central,Lab
13/12/2019,"Sheffield, Hallam",Lab
13/12/2019,"Sheffield, Heeley",Lab
13/12/2019,Sheffield South East,Lab
13/12/2019,Sherwood,Con
13/12/2019,Shipley,Con
13/12/2019,Shrewsbury and Atcham,Con
13/12/2019,Sittingbourne and Sheppey,Con
13/12/2019,Skipton and Ripon,Con
13/12/2019,Sleaford and North Hykeham,Con
13/12/2019,Slough,Lab
13/12/2019,Solihull,Con
13/12/2019,Somerton and Frome,Con
13/12/2019,"Southampton, Itchen",Con
13/12/2019,"Southampton, Test",Lab
13/12/2019,South Antrim,DUP
13/12/2019,South Basildon and East Thurrock,Con
13/12/2019,South Cambridgeshire,Con
13/12/2019,South Derbyshire,Con
13/12/2019,South Dorset,Con
13/12/2019,South Down,SF
13/12/2019,South East Cambridgeshire,Con
13/12/2019,South East Cornwall,Con
13/12/2019,Southend West,Con
13/12/2019,South Holland and The Deepings,Con
13/12/2019,South Leicestershire,Con
13/12/2019,South Norfolk,Con
13/12/2019,South Northamptonshire,Con
13/12/2019,Southport,Con
13/12/2019,South Ribble,Con
13/12/2019,South Shields,Lab
13/12/2019,South Staffordshire,Con
13/12/2019,South Suffolk,Con
13/12/2019,South Swindon,Con
13/12/2019,South Thanet,Con
13/12/2019,South West Bedfordshire,Con
13/12/2019,South West Devon,Con
13/12/2019,South West Hertfordshire,Con
13/12/2019,South West Norfolk,Con
13/12/2019,South West Surrey,Con
13/12/2019,South West Wiltshire,Con
13/12/2019,Spelthorne,Con
13/12/2019,Stafford,Con
13/12/2019,Staffordshire Moorlands,Con
13/12/2019,St Albans,LD
13/12/2019,Stalybridge and Hyde,Lab
13/12/2019,St Austell and Newquay,Con
13/12/2019,Stevenage,Con
13/12/2019,St Helens North,Lab
13/12/2019,St Helens South and Whiston,Lab
13/12/2019,Stirling,SNP
13/12/2019,St Ives,Con
13/12/2019,Stockport,Lab
13/12/2019,Stockton North,Lab
13/12/2019,Stockton South,Con
13/12/2019,Stoke-On-Trent Central,Con
13/12/2019,Stoke-On-Trent North,Con
13/12/2019,Stoke-On-Trent South,Con
13/12/2019,Stone,Con
13/12/2019,Stourbridge,Con
13/12/2019,Strangford,DUP
13/12/2019,Stratford-On-Avon,Con
13/12/2019,Streatham,Lab
13/12/2019,Stretford and Urmston,Lab
13/12/2019,Stroud,Con
13/12/2019,Suffolk Coastal,Con
13/12/2019,Sunderland Central,Lab
13/12/2019,Surrey Heath,Con
13/12/2019,Sutton and Cheam,Con
13/12/2019,Sutton Coldfield,Con
13/12/2019,Swansea East,Lab
13/12/2019,Swansea West,Lab
13/12/2019,Tamworth,Con
13/12/2019,Tatton,Con
13/12/2019,Taunton Deane,Con
13/12/2019,Telford,Con
13/12/2019,Tewkesbury,Con
13/12/2019,The Cotswolds,Con
13/12/2019,The Wrekin,Con
13/12/2019,Thirsk and Malton,Con
13/12/2019,Thornbury and Yate,Con
13/12/2019,Thurrock,Con
13/12/2019,Tiverton and Honiton,Con
13/12/2019,Tonbridge and Malling,Con
13/12/2019,Tooting,Lab
13/12/2019,Torbay,Con
13/12/2019,Torfaen,Lab
13/12/2019,Torridge and West Devon,Con
13/12/2019,Totnes,Con
13/12/2019,Tottenham,Lab
13/12/2019,Truro and Falmouth,Con
13/12/2019,Tunbridge Wells,Con
13/12/2019,Twickenham,LD
13/12/2019,Tynemouth,Lab
13/12/2019,Upper Bann,DUP
13/12/2019,Uxbridge and South Ruislip,Con
13/12/2019,Vale Of Clwyd,Con
13/12/2019,Vale Of Glamorgan,Con
13/12/2019,Vauxhall,Lab
13/12/2019,Wakefield,Con
13/12/2019,Wallasey,Lab
13/12/2019,Walsall North,Con
13/12/2019,Walsall South,Lab
13/12/2019,Walthamstow,Lab
13/12/2019,Wansbeck,Lab
13/12/2019,Wantage,Con
13/12/2019,Warley,Lab
13/12/2019,Warrington North,Lab
13/12/2019,Warrington South,Con
13/12/2019,Warwick and Leamington,Lab
13/12/2019,Washington and Sunderland West,Lab
13/12/2019,Watford,Con
13/12/2019,Waveney,Con
13/12/2019,Wealden,Con
13/12/2019,Weaver Vale,Lab
13/12/2019,Wellingborough,Con
13/12/2019,Wells,Con
13/12/2019,Welwyn Hatfield,Con
13/12/2019,Wentworth and Dearne,Lab
13/12/2019,West Aberdeenshire and Kincardine,Con
13/12/2019,West Bromwich East,Con
13/12/2019,West Bromwich West,Con
13/12/2019,West Dorset,Con
13/12/2019,West Dunbartonshire,SNP
13/12/2019,West Ham,Lab
13/12/2019,West Lancashire,Lab
13/12/2019,Westminster North,Lab
13/12/2019,Westmorland and Lonsdale,LD
13/12/2019,Weston-Super-Mare,Con
13/12/2019,West Suffolk,Con
13/12/2019,West Tyrone,SF
13/12/2019,West Worcestershire,Con
13/12/2019,Wigan,Lab
13/12/2019,Wimbledon,Con
13/12/2019,Winchester,Con
13/12/2019,Windsor,Con
13/12/2019,Wirral South,Lab
13/12/2019,Wirral West,Lab
13/12/2019,Witham,Con
13/12/2019,Witney,Con
13/12/2019,Woking,Con
13/12/2019,Wokingham,Con
13/12/2019,Wolverhampton North East,Con
13/12/2019,Wolverhampton South East,Lab
13/12/2019,Wolverhampton South West,Con
13/12/2019,Worcester,Con
13/12/2019,Workington,Con
13/12/2019,Worsley and Eccles South,Lab
13/12/2019,Worthing West,Con
13/12/2019,Wrexham,Con
13/12/2019,Wycombe,Con
13/12/2019,Wyre and Preston North,Con
13/12/2019,Wyre Forest,Con
13/12/2019,Wythenshawe and Sale East,Lab
13/12/2019,Yeovil,Con
13/12/2019,Ynys Mon,Con
13/12/2019,York Central,Lab
13/12/2019,York Outer,Con
08/05/2015,Aberavon,Lab
08/05/2015,Aberconwy,Con
08/05/2015,Aberdeen North,SNP
08/05/2015,Aberdeen South,SNP
08/05/2015,Airdrie and Shotts,SNP
08/05/2015,Aldershot,Con
08/05/2015,Aldridge-Brownhills,Con
08/05/2015,Altrincham and Sale West,Con
08/05/2015,Alyn and Deeside,Lab
08/05/2015,Amber Valley,Con
08/05/2015,Angus,SNP
08/05/2015,Arfon,PC
08/05/2015,Argyll and Bute,SNP
08/05/2015,Arundel and South Downs,Con
08/05/2015,Ashfield,Lab
08/05/2015,Ashford,Con
08/05/2015,Ashton-Under-Lyne,Lab
08/05/2015,Aylesbury,Con
08/05/2015,"Ayr, Carrick and Cumnock",SNP
08/05/2015,Banbury,Con
08/05/2015,Banff and Buchan,SNP
08/05/2015,Barking,Lab
08/05/2015,Barnsley Central,Lab
08/05/2015,Barnsley East,Lab
08/05/2015,Barrow and Furness,Lab
08/05/2015,Basildon and Billericay,Con
08/05/2015,Basingstoke,Con
08/05/2015,Bassetlaw,Lab
08/05/2015,Bath,Con
08/05/2015,Batley and Spen,Lab
08/05/2015,Battersea,Con
08/05/2015,Beaconsfield,Con
08/05/2015,Beckenham,Con
08/05/2015,Bedford,Con
08/05/2015,Belfast East,DUP
08/05/2015,Belfast North,DUP
08/05/2015,Belfast South,SDLP
08/05/2015,Belfast West,SF
08/05/2015,Bermondsey and Old Southwark,Lab
08/05/2015,"Berwickshire, Roxburgh and Selkirk",SNP
08/05/2015,Berwick-Upon-Tweed,Con
08/05/2015,Bethnal Green and Bow,Lab
08/05/2015,Beverley and Holderness,Con
08/05/2015,Bexhill and Battle,Con
08/05/2015,Bexleyheath and Crayford,Con
08/05/2015,Birkenhead,Lab
08/05/2015,"Birmingham, Edgbaston",Lab
08/05/2015,"Birmingham, Erdington",Lab
08/05/2015,"Birmingham, Hall Green",Lab
08/05/2015,"Birmingham, Hodge Hill",Lab
08/05/2015,"Birmingham, Ladywood",Lab
08/05/2015,"Birmingham, Northfield",Lab
08/05/2015,"Birmingham, Perry Barr",Lab
08/05/2015,"Birmingham, Selly Oak",Lab
08/05/2015,"Birmingham, Yardley",Lab
08/05/2015,Bishop Auckland,Lab
08/05/2015,Blackburn,Lab
08/05/2015,Blackley and Broughton,Lab
08/05/2015,Blackpool North and Cleveleys,Con
08/05/2015,Blackpool South,Lab
08/05/2015,Blaenau Gwent,Lab
08/05/2015,Blaydon,Lab
08/05/2015,Blyth Valley,Lab
08/05/2015,Bognor Regis and Littlehampton,Con
08/05/2015,Bolsover,Lab
08/05/2015,Bolton North East,Lab
08/05/2015,Bolton South East,Lab
08/05/2015,Bolton West,Con
08/05/2015,Bootle,Lab
08/05/2015,Boston and Skegness,Con
08/05/2015,Bosworth,Con
08/05/2015,Bournemouth East,Con
08/05/2015,Bournemouth West,Con
08/05/2015,Bracknell,Con
08/05/2015,Bradford East,Lab
08/05/2015,Bradford South,Lab
08/05/2015,Bradford West,Lab
08/05/2015,Braintree,Con
08/05/2015,Brecon and Radnorshire,Con
08/05/2015,Brent Central,Lab
08/05/2015,Brentford and Isleworth,Lab
08/05/2015,Brent North,Lab
08/05/2015,Brentwood and Ongar,Con
08/05/2015,Bridgend,Lab
08/05/2015,Bridgwater and West Somerset,Con
08/05/2015,Brigg and Goole,Con
08/05/2015,"Brighton, Kemptown",Con
08/05/2015,"Brighton, Pavilion",Green
08/05/2015,Bristol East,Lab
08/05/2015,Bristol North West,Con
08/05/2015,Bristol South,Lab
08/05/2015,Bristol West,Lab
08/05/2015,Broadland,Con
08/05/2015,Bromley and Chislehurst,Con
08/05/2015,Bromsgrove,Con
08/05/2015,Broxbourne,Con
08/05/2015,Broxtowe,Con
08/05/2015,Buckingham,Spk
08/05/2015,Burnley,Lab
08/05/2015,Burton,Con
08/05/2015,Bury North,Con
08/05/2015,Bury South,Lab
08/05/2015,Bury St Edmunds,Con
08/05/2015,Caerphilly,Lab
08/05/2015,"Caithness, Sutherland and Easter Ross",SNP
08/05/2015,Calder Valley,Con
08/05/2015,Camberwell and Peckham,Lab
08/05/2015,Camborne and Redruth,Con
08/05/2015,Cambridge,Lab
08/05/2015,Cannock Chase,Con
08/05/2015,Canterbury,Con
08/05/2015,Cardiff Central,Lab
08/05/2015,Cardiff North,Con
08/05/2015,Cardiff South and Penarth,Lab
08/05/2015,Cardiff West,Lab
08/05/2015,Carlisle,Con
08/05/2015,Carmarthen East and Dinefwr,PC
08/05/2015,Carmarthen West and South Pembrokeshire,Con
08/05/2015,Carshalton and Wallington,LD
08/05/2015,Castle Point,Con
08/05/2015,Central Ayrshire,SNP
08/05/2015,Central Devon,Con
08/05/2015,Central Suffolk and North Ipswich,Con
08/05/2015,Ceredigion,LD
08/05/2015,Charnwood,Con
08/05/2015,Chatham and Aylesford,Con
08/05/2015,Cheadle,Con
08/05/2015,Chelmsford,Con
08/05/2015,Chelsea and Fulham,Con
08/05/2015,Cheltenham,Con
08/05/2015,Chesham and Amersham,Con
08/05/2015,Chesterfield,Lab
08/05/2015,Chichester,Con
08/05/2015,Chingford and Woodford Green,Con
08/05/2015,Chippenham,Con
08/05/2015,Chipping Barnet,Con
08/05/2015,Chorley,Lab
08/05/2015,Christchurch,Con
08/05/2015,Cities Of London and Westminster,Con
08/05/2015,City Of Chester,Lab
08/05/2015,City Of Durham,Lab
08/05/2015,Clacton,UKIP
08/05/2015,Cleethorpes,Con
08/05/2015,Clwyd South,Lab
08/05/2015,Clwyd West,Con
08/05/2015,"Coatbridge, Chryston and Bellshill",SNP
08/05/2015,Colchester,Con
08/05/2015,Colne Valley,Con
08/05/2015,Congleton,Con
08/05/2015,Copeland,Lab
08/05/2015,Corby,Con
08/05/2015,Coventry North East,Lab
08/05/2015,Coventry North West,Lab
08/05/2015,Coventry South,Lab
08/05/2015,Crawley,Con
08/05/2015,Crewe and Nantwich,Con
08/05/2015,Croydon Central,Con
08/05/2015,Croydon North,Lab
08/05/2015,Croydon South,Con
08/05/2015,"Cumbernauld, Kilsyth and Kirkintilloch East",SNP
08/05/2015,Cynon Valley,Lab
08/05/2015,Dagenham and Rainham,Lab
08/05/2015,Darlington,Lab
08/05/2015,Dartford,Con
08/05/2015,Daventry,Con
08/05/2015,Delyn,Lab
08/05/2015,Denton and Reddish,Lab
08/05/2015,Derby North,Con
08/05/2015,Derbyshire Dales,Con
08/05/2015,Derby South,Lab
08/05/2015,Devizes,Con
08/05/2015,Dewsbury,Lab
08/05/2015,Doncaster Central,Lab
08/05/2015,Doncaster North,Lab
08/05/2015,Don Valley,Lab
08/05/2015,Dover,Con
08/05/2015,Dudley North,Lab
08/05/2015,Dudley South,Con
08/05/2015,Dulwich and West Norwood,Lab
08/05/2015,Dumfries and Galloway,SNP
08/05/2015,"Dumfriesshire, Clydesdale and Tweeddale",Con
08/05/2015,Dundee East,SNP
08/05/2015,Dundee West,SNP
08/05/2015,Dunfermline and West Fife,SNP
08/05/2015,Dwyfor Meirionnydd,PC
08/05/2015,Ealing Central and Acton,Lab
08/05/2015,Ealing North,Lab
08/05/2015,"Ealing, Southall",Lab
08/05/2015,Easington,Lab
08/05/2015,East Antrim,DUP
08/05/2015,Eastbourne,Con
08/05/2015,East Devon,Con
08/05/2015,East Dunbartonshire,SNP
08/05/2015,East Ham,Lab
08/05/2015,East Hampshire,Con
08/05/2015,"East Kilbride, Strathaven and Lesmahagow",SNP
08/05/2015,Eastleigh,Con
08/05/2015,East Londonderry,DUP
08/05/2015,East Lothian,SNP
08/05/2015,East Renfrewshire,SNP
08/05/2015,East Surrey,Con
08/05/2015,East Worthing and Shoreham,Con
08/05/2015,East Yorkshire,Con
08/05/2015,Eddisbury,Con
08/05/2015,Edinburgh East,SNP
08/05/2015,Edinburgh North and Leith,SNP
08/05/2015,Edinburgh South,Lab
08/05/2015,Edinburgh South West,SNP
08/05/2015,Edinburgh West,SNP
08/05/2015,Edmonton,Lab
08/05/2015,Ellesmere Port and Neston,Lab
08/05/2015,Elmet and Rothwell,Con
08/05/2015,Eltham,Lab
08/05/2015,Enfield North,Lab
08/05/2015,"Enfield, Southgate",Con
08/05/2015,Epping Forest,Con
08/05/2015,Epsom and Ewell,Con
08/05/2015,Erewash,Con
08/05/2015,Erith and Thamesmead,Lab
08/05/2015,Esher and Walton,Con
08/05/2015,Exeter,Lab
08/05/2015,Falkirk,SNP
08/05/2015,Fareham,Con
08/05/2015,Faversham and Mid Kent,Con
08/05/2015,Feltham and Heston,Lab
08/05/2015,Fermanagh and South Tyrone,UUP
08/05/2015,Filton and Bradley Stoke,Con
08/05/2015,Finchley and Golders Green,Con
08/05/2015,Folkestone and Hythe,Con
08/05/2015,Forest Of Dean,Con
08/05/2015,Foyle,SDLP
08/05/2015,Fylde,Con
08/05/2015,Gainsborough,Con
08/05/2015,Garston and Halewood,Lab
08/05/2015,Gateshead,Lab
08/05/2015,Gedling,Lab
08/05/2015,Gillingham and Rainham,Con
08/05/2015,Glasgow Central,SNP
08/05/2015,Glasgow East,SNP
08/05/2015,Glasgow North,SNP
08/05/2015,Glasgow North East,SNP
08/05/2015,Glasgow North West,SNP
08/05/2015,Glasgow South,SNP
08/05/2015,Glasgow South West,SNP
08/05/2015,Glenrothes,SNP
08/05/2015,Gloucester,Con
08/05/2015,Gordon,SNP
08/05/2015,Gosport,Con
08/05/2015,Gower,Con
08/05/2015,Grantham and Stamford,Con
08/05/2015,Gravesham,Con
08/05/2015,Great Grimsby,Lab
08/05/2015,Great Yarmouth,Con
08/05/2015,Greenwich and Woolwich,Lab
08/05/2015,Guildford,Con
08/05/2015,Hackney North and Stoke Newington,Lab
08/05/2015,Hackney South and Shoreditch,Lab
08/05/2015,Halesowen and Rowley Regis,Con
08/05/2015,Halifax,Lab
08/05/2015,Haltemprice and Howden,Con
08/05/2015,Halton,Lab
08/05/2015,Hammersmith,Lab
08/05/2015,Hampstead and Kilburn,Lab
08/05/2015,Harborough,Con
08/05/2015,Harlow,Con
08/05/2015,Harrogate and Knaresborough,Con
08/05/2015,Harrow East,Con
08/05/2015,Harrow West,Lab
08/05/2015,Hartlepool,Lab
08/05/2015,Harwich and North Essex,Con
08/05/2015,Hastings and Rye,Con
08/05/2015,Havant,Con
08/05/2015,Hayes and Harlington,Lab
08/05/2015,Hazel Grove,Con
08/05/2015,Hemel Hempstead,Con
08/05/2015,Hemsworth,Lab
08/05/2015,Hendon,Con
08/05/2015,Henley,Con
08/05/2015,Hereford and South Herefordshire,Con
08/05/2015,Hertford and Stortford,Con
08/05/2015,Hertsmere,Con
08/05/2015,Hexham,Con
08/05/2015,Heywood and Middleton,Lab
08/05/2015,High Peak,Con
08/05/2015,Hitchin and Harpenden,Con
08/05/2015,Holborn and St Pancras,Lab
08/05/2015,Hornchurch and Upminster,Con
08/05/2015,Hornsey and Wood Green,Lab
08/05/2015,Horsham,Con
08/05/2015,Houghton and Sunderland South,Lab
08/05/2015,Hove,Lab
08/05/2015,Huddersfield,Lab
08/05/2015,Huntingdon,Con
08/05/2015,Hyndburn,Lab
08/05/2015,Ilford North,Lab
08/05/2015,Ilford South,Lab
08/05/2015,Inverclyde,SNP
08/05/2015,"Inverness, Nairn, Badenoch and Strathspey",SNP
08/05/2015,Ipswich,Con
08/05/2015,Isle Of Wight,Con
08/05/2015,Islington North,Lab
08/05/2015,Islington South and Finsbury,Lab
08/05/2015,Islwyn,Lab
08/05/2015,Jarrow,Lab
08/05/2015,Keighley,Con
08/05/2015,Kenilworth and Southam,Con
08/05/2015,Kensington,Con
08/05/2015,Kettering,Con
08/05/2015,Kilmarnock and Loudoun,SNP
08/05/2015,Kingston and Surbiton,Con
08/05/2015,Kingston upon Hull East,Lab
08/05/2015,Kingston upon Hull North,Lab
08/05/2015,Kingston upon Hull West and Hessle,Lab
08/05/2015,Kingswood,Con
08/05/2015,Kirkcaldy and Cowdenbeath,SNP
08/05/2015,Knowsley,Lab
08/05/2015,Lagan Valley,DUP
08/05/2015,Lanark and Hamilton East,SNP
08/05/2015,Lancaster and Fleetwood,Lab
08/05/2015,Leeds Central,Lab
08/05/2015,Leeds East,Lab
08/05/2015,Leeds North East,Lab
08/05/2015,Leeds North West,LD
08/05/2015,Leeds West,Lab
08/05/2015,Leicester East,Lab
08/05/2015,Leicester South,Lab
08/05/2015,Leicester West,Lab
08/05/2015,Leigh,Lab
08/05/2015,Lewes,Con
08/05/2015,"Lewisham, Deptford",Lab
08/05/2015,Lewisham East,Lab
08/05/2015,Lewisham West and Penge,Lab
08/05/2015,Leyton and Wanstead,Lab
08/05/2015,Lichfield,Con
08/05/2015,Lincoln,Con
08/05/2015,Linlithgow and East Falkirk,SNP
08/05/2015,"Liverpool, Riverside",Lab
08/05/2015,"Liverpool, Walton",Lab
08/05/2015,"Liverpool, Wavertree",Lab
08/05/2015,"Liverpool, West Derby",Lab
08/05/2015,Livingston,SNP
08/05/2015,Llanelli,Lab
08/05/2015,Loughborough,Con
08/05/2015,Louth and Horncastle,Con
08/05/2015,Ludlow,Con
08/05/2015,Luton North,Lab
08/05/2015,Luton South,Lab
08/05/2015,Macclesfield,Con
08/05/2015,Maidenhead,Con
08/05/2015,Maidstone and The Weald,Con
08/05/2015,Makerfield,Lab
08/05/2015,Maldon,Con
08/05/2015,Manchester Central,Lab
08/05/2015,"Manchester, Gorton",Lab
08/05/2015,"Manchester, Withington",Lab
08/05/2015,Mansfield,Lab
08/05/2015,Meon Valley,Con
08/05/2015,Meriden,Con
08/05/2015,Merthyr Tydfil and Rhymney,Lab
08/05/2015,Mid Bedfordshire,Con
08/05/2015,Mid Derbyshire,Con
08/05/2015,Middlesbrough,Lab
08/05/2015,Middlesbrough South and East Cleveland,Lab
08/05/2015,Mid Dorset and North Poole,Con
08/05/2015,Midlothian,SNP
08/05/2015,Mid Norfolk,Con
08/05/2015,Mid Sussex,Con
08/05/2015,Mid Ulster,SF
08/05/2015,Mid Worcestershire,Con
08/05/2015,Milton Keynes North,Con
08/05/2015,Milton Keynes South,Con
08/05/2015,Mitcham and Morden,Lab
08/05/2015,Mole Valley,Con
08/05/2015,Monmouth,Con
08/05/2015,Montgomeryshire,Con
08/05/2015,Moray,SNP
08/05/2015,Morecambe and Lunesdale,Con
08/05/2015,Morley and Outwood,Con
08/05/2015,Motherwell and Wishaw,SNP
08/05/2015,Na h-Eileanan An Iar,SNP
08/05/2015,Neath,Lab
08/05/2015,Newark,Con
08/05/2015,Newbury,Con
08/05/2015,Newcastle-Under-Lyme,Lab
08/05/2015,Newcastle Upon Tyne Central,Lab
08/05/2015,Newcastle Upon Tyne East,Lab
08/05/2015,Newcastle Upon Tyne North,Lab
08/05/2015,New Forest East,Con
08/05/2015,New Forest West,Con
08/05/2015,Newport East,Lab
08/05/2015,Newport West,Lab
08/05/2015,Newry and Armagh,SF
08/05/2015,Newton Abbot,Con
08/05/2015,"Normanton, Pontefract and Castleford",Lab
08/05/2015,Northampton North,Con
08/05/2015,Northampton South,Con
08/05/2015,North Antrim,DUP
08/05/2015,North Ayrshire and Arran,SNP
08/05/2015,North Cornwall,Con
08/05/2015,North Devon,Con
08/05/2015,North Dorset,Con
08/05/2015,North Down,Ind
08/05/2015,North Durham,Lab
08/05/2015,North East Bedfordshire,Con
08/05/2015,North East Cambridgeshire,Con
08/05/2015,North East Derbyshire,Lab
08/05/2015,North East Fife,SNP
08/05/2015,North East Hampshire,Con
08/05/2015,North East Hertfordshire,Con
08/05/2015,North East Somerset,Con
08/05/2015,North Herefordshire,Con
08/05/2015,North Norfolk,LD
08/05/2015,North Shropshire,Con
08/05/2015,North Somerset,Con
08/05/2015,North Swindon,Con
08/05/2015,North Thanet,Con
08/05/2015,North Tyneside,Lab
08/05/2015,North Warwickshire,Con
08/05/2015,North West Cambridgeshire,Con
08/05/2015,North West Durham,Lab
08/05/2015,North West Hampshire,Con
08/05/2015,North West Leicestershire,Con
08/05/2015,North West Norfolk,Con
08/05/2015,North Wiltshire,Con
08/05/2015,Norwich North,Con
08/05/2015,Norwich South,Lab
08/05/2015,Nottingham East,Lab
08/05/2015,Nottingham North,Lab
08/05/2015,Nottingham South,Lab
08/05/2015,Nuneaton,Con
08/05/2015,Ochil and South Perthshire,SNP
08/05/2015,Ogmore,Lab
08/05/2015,Old Bexley and Sidcup,Con
08/05/2015,Oldham East and Saddleworth,Lab
08/05/2015,Oldham West and Royton,Lab
08/05/2015,Orkney and Shetland,LD
08/05/2015,Orpington,Con
08/05/2015,Oxford East,Lab
08/05/2015,Oxford West and Abingdon,Con
08/05/2015,Paisley and Renfrewshire North,SNP
08/05/2015,Paisley and Renfrewshire South,SNP
08/05/2015,Pendle,Con
08/05/2015,Penistone and Stocksbridge,Lab
08/05/2015,Penrith and The Border,Con
08/05/2015,Perth and North Perthshire,SNP
08/05/2015,Peterborough,Con
08/05/2015,"Plymouth, Moor View",Con
08/05/2015,"Plymouth, Sutton and Devonport",Con
08/05/2015,Pontypridd,Lab
08/05/2015,Poole,Con
08/05/2015,Poplar and Limehouse,Lab
08/05/2015,Portsmouth North,Con
08/05/2015,Portsmouth South,Con
08/05/2015,Preseli Pembrokeshire,Con
08/05/2015,Preston,Lab
08/05/2015,Pudsey,Con
08/05/2015,Putney,Con
08/05/2015,Rayleigh and Wickford,Con
08/05/2015,Reading East,Con
08/05/2015,Reading West,Con
08/05/2015,Redcar,Lab
08/05/2015,Redditch,Con
08/05/2015,Reigate,Con
08/05/2015,Rhondda,Lab
08/05/2015,Ribble Valley,Con
08/05/2015,Richmond Park,Con
08/05/2015,Richmond (Yorks),Con
08/05/2015,Rochdale,Lab
08/05/2015,Rochester and Strood,Con
08/05/2015,Rochford and Southend East,Con
08/05/2015,Romford,Con
08/05/2015,Romsey and Southampton North,Con
08/05/2015,Rossendale and Darwen,Con
08/05/2015,"Ross, Skye and Lochaber",SNP
08/05/2015,Rotherham,Lab
08/05/2015,Rother Valley,Lab
08/05/2015,Rugby,Con
08/05/2015,"Ruislip, Northwood and Pinner",Con
08/05/2015,Runnymede and Weybridge,Con
08/05/2015,Rushcliffe,Con
08/05/2015,Rutherglen and Hamilton West,SNP
08/05/2015,Rutland and Melton,Con
08/05/2015,Saffron Walden,Con
08/05/2015,Salford and Eccles,Lab
08/05/2015,Salisbury,Con
08/05/2015,Scarborough and Whitby,Con
08/05/2015,Scunthorpe,Lab
08/05/2015,Sedgefield,Lab
08/05/2015,Sefton Central,Lab
08/05/2015,Selby and Ainsty,Con
08/05/2015,Sevenoaks,Con
08/05/2015,"Sheffield, Brightside and Hillsborough",Lab
08/05/2015,Sheffield Central,Lab
08/05/2015,"Sheffield, Hallam",LD
08/05/2015,"Sheffield, Heeley",Lab
08/05/2015,Sheffield South East,Lab
08/05/2015,Sherwood,Con
08/05/2015,Shipley,Con
08/05/2015,Shrewsbury and Atcham,Con
08/05/2015,Sittingbourne and Sheppey,Con
08/05/2015,Skipton and Ripon,Con
08/05/2015,Sleaford and North Hykeham,Con
08/05/2015,Slough,Lab
08/05/2015,Solihull,Con
08/05/2015,Somerton and Frome,Con
08/05/2015,"Southampton, Itchen",Con
08/05/2015,"Southampton, Test",Lab
08/05/2015,South Antrim,UUP
08/05/2015,South Basildon and East Thurrock,Con
08/05/2015,South Cambridgeshire,Con
08/05/2015,South Derbyshire,Con
08/05/2015,South Dorset,Con
08/05/2015,South Down,SDLP
08/05/2015,South East Cambridgeshire,Con
08/05/2015,South East Cornwall,Con
08/05/2015,Southend West,Con
08/05/2015,South Holland and The Deepings,Con
08/05/2015,South Leicestershire,Con
08/05/2015,South Norfolk,Con
08/05/2015,South Northamptonshire,Con
08/05/2015,Southport,LD
08/05/2015,South Ribble,Con
08/05/2015,South Shields,Lab
08/05/2015,South Staffordshire,Con
08/05/2015,South Suffolk,Con
08/05/2015,South Swindon,Con
08/05/2015,South Thanet,Con
08/05/2015,South West Bedfordshire,Con
08/05/2015,South West Devon,Con
08/05/2015,South West Hertfordshire,Con
08/05/2015,South West Norfolk,Con
08/05/2015,South West Surrey,Con
08/05/2015,South West Wiltshire,Con
08/05/2015,Spelthorne,Con
08/05/2015,Stafford,Con
08/05/2015,Staffordshire Moorlands,Con
08/05/2015,St Albans,Con
08/05/2015,Stalybridge and Hyde,Lab
08/05/2015,St Austell and Newquay,Con
08/05/2015,Stevenage,Con
08/05/2015,St Helens North,Lab
08/05/2015,St Helens South and Whiston,Lab
08/05/2015,Stirling,SNP
08/05/2015,St Ives,Con
08/05/2015,Stockport,Lab
08/05/2015,Stockton North,Lab
08/05/2015,Stockton South,Con
08/05/2015,Stoke-On-Trent Central,Lab
08/05/2015,Stoke-On-Trent North,Lab
08/05/2015,Stoke-On-Trent South,Lab
08/05/2015,Stone,Con
08/05/2015,Stourbridge,Con
08/05/2015,Strangford,DUP
08/05/2015,Stratford-On-Avon,Con
08/05/2015,Streatham,Lab
08/05/2015,Stretford and Urmston,Lab
08/05/2015,Stroud,Con
08/05/2015,Suffolk Coastal,Con
08/05/2015,Sunderland Central,Lab
08/05/2015,Surrey Heath,Con
08/05/2015,Sutton and Cheam,Con
08/05/2015,Sutton Coldfield,Con
08/05/2015,Swansea East,Lab
08/05/2015,Swansea West,Lab
08/05/2015,Tamworth,Con
08/05/2015,Tatton,Con
08/05/2015,Taunton Deane,Con
08/05/2015,Telford,Con
08/05/2015,Tewkesbury,Con
08/05/2015,The Cotswolds,Con
08/05/2015,The Wrekin,Con
08/05/2015,Thirsk and Malton,Con
08/05/2015,Thornbury and Yate,Con
08/05/2015,Thurrock,Con
08/05/2015,Tiverton and Honiton,Con
08/05/2015,Tonbridge and Malling,Con
08/05/2015,Tooting,Lab
08/05/2015,Torbay,Con
08/05/2015,Torfaen,Lab
08/05/2015,Torridge and West Devon,Con
08/05/2015,Totnes,Con
08/05/2015,Tottenham,Lab
08/05/2015,Truro and Falmouth,Con
08/05/2015,Tunbridge Wells,Con
08/05/2015,Twickenham,Con
08/05/2015,Tynemouth,Lab
08/05/2015,Upper Bann,DUP
08/05/2015,Uxbridge and South Ruislip,Con
08/05/2015,Vale Of Clwyd,Con
08/05/2015,Vale Of Glamorgan,Con
08/05/2015,Vauxhall,Lab
08/05/2015,Wakefield,Lab
08/05/2015,Wallasey,Lab
08/05/2015,Walsall North,Lab
08/05/2015,Walsall South,Lab
08/05/2015,Walthamstow,Lab
08/05/2015,Wansbeck,Lab
08/05/2015,Wantage,Con
08/05/2015,Warley,Lab
08/05/2015,Warrington North,Lab
08/05/2015,Warrington South,Con
08/05/2015,Warwick and Leamington,Con
08/05/2015,Washington and Sunderland West,Lab
08/05/2015,Watford,Con
08/05/2015,Waveney,Con
08/05/2015,Wealden,Con
08/05/2015,Weaver Vale,Con
08/05/2015,Wellingborough,Con
08/05/2015,Wells,Con
08/05/2015,Welwyn Hatfield,Con
08/05/2015,Wentworth and Dearne,Lab
08/05/2015,West Aberdeenshire and Kincardine,SNP
08/05/2015,West Bromwich East,Lab
08/05/2015,West Bromwich West,Lab
08/05/2015,West Dorset,Con
08/05/2015,West Dunbartonshire,SNP
08/05/2015,West Ham,Lab
08/05/2015,West Lancashire,Lab
08/05/2015,Westminster North,Lab
08/05/2015,Westmorland and Lonsdale,LD
08/05/2015,Weston-Super-Mare,Con
08/05/2015,West Suffolk,Con
08/05/2015,West Tyrone,SF
08/05/2015,West Worcestershire,Con
08/05/2015,Wigan,Lab
08/05/2015,Wimbledon,Con
08/05/2015,Winchester,Con
08/05/2015,Windsor,Con
08/05/2015,Wirral South,Lab
08/05/2015,Wirral West,Lab
08/05/2015,Witham,Con
08/05/2015,Witney,Con
08/05/2015,Woking,Con
08/05/2015,Wokingham,Con
08/05/2015,Wolverhampton North East,Lab
08/05/2015,Wolverhampton South East,Lab
08/05/2015,Wolverhampton South West,Lab
08/05/2015,Worcester,Con
08/05/2015,Workington,Lab
08/05/2015,Worsley and Eccles South,Lab
08/05/2015,Worthing West,Con
08/05/2015,Wrexham,Lab
08/05/2015,Wycombe,Con
08/05/2015,Wyre and Preston North,Con
08/05/2015,Wyre Forest,Con
08/05/2015,Wythenshawe and Sale East,Lab
08/05/2015,Yeovil,Con
08/05/2015,Ynys Mon,Lab
08/05/2015,York Central,Lab
08/05/2015,York Outer,Con
06/05/2010,Aberavon,Lab
06/05/2010,Aberconwy,Con
06/05/2010,Aberdeen North,Lab
06/05/2010,Aberdeen South,Lab
06/05/2010,Airdrie and Shotts,Lab
06/05/2010,Aldershot,Con
06/05/2010,Aldridge-Brownhills,Con
06/05/2010,Altrincham and Sale West,Con
06/05/2010,Alyn and Deeside,Lab
06/05/2010,Amber Valley,Con
06/05/2010,Angus,SNP
06/05/2010,Arfon,PC
06/05/2010,Argyll and Bute,LD
06/05/2010,Arundel and South Downs,Con
06/05/2010,Ashfield,Lab
06/05/2010,Ashford,Con
06/05/2010,Ashton-under-Lyne,Lab
06/05/2010,Aylesbury,Con
06/05/2010,"Ayr, Carrick and Cumnock",Lab
06/05/2010,Banbury,Con
06/05/2010,Banff and Buchan,SNP
06/05/2010,Barking,Lab
06/05/2010,Barnsley Central,Lab
06/05/2010,Barnsley East,Lab
06/05/2010,Barrow and Furness,Lab
06/05/2010,Basildon and Billericay,Con
06/05/2010,Basingstoke,Con
06/05/2010,Bassetlaw,Lab
06/05/2010,Bath,LD
06/05/2010,Batley and Spen,Lab
06/05/2010,Battersea,Con
06/05/2010,Beaconsfield,Con
06/05/2010,Beckenham,Con
06/05/2010,Bedford,Con
06/05/2010,Belfast East,APNI
06/05/2010,Belfast North,DUP
06/05/2010,Belfast South,SDLP
06/05/2010,Belfast West,SF
06/05/2010,Bermondsey and Old Southwark,LD
06/05/2010,"Berwickshire, Roxburgh and Selkirk",LD
06/05/2010,Berwick-upon-Tweed,LD
06/05/2010,Bethnal Green and Bow,Lab
06/05/2010,Beverley and Holderness,Con
06/05/2010,Bexhill and Battle,Con
06/05/2010,Bexleyheath and Crayford,Con
06/05/2010,Birkenhead,Lab
06/05/2010,Birmingham Edgbaston,Lab
06/05/2010,Birmingham Erdington,Lab
06/05/2010,Birmingham Hall Green,Lab
06/05/2010,Birmingham Hodge Hill,Lab
06/05/2010,Birmingham Ladywood,Lab
06/05/2010,Birmingham Northfield,Lab
06/05/2010,Birmingham Perry Barr,Lab
06/05/2010,Birmingham Selly Oak,Lab
06/05/2010,Birmingham Yardley,LD
06/05/2010,Bishop Auckland,Lab
06/05/2010,Blackburn,Lab
06/05/2010,Blackley and Broughton,Lab
06/05/2010,Blackpool North and Cleveleys,Con
06/05/2010,Blackpool South,Lab
06/05/2010,Blaenau Gwent,Lab
06/05/2010,Blaydon,Lab
06/05/2010,Blyth Valley,Lab
06/05/2010,Bognor Regis and Littlehampton,Con
06/05/2010,Bolsover,Lab
06/05/2010,Bolton North East,Lab
06/05/2010,Bolton South East,Lab
06/05/2010,Bolton West,Lab
06/05/2010,Bootle,Lab
06/05/2010,Boston and Skegness,Con
06/05/2010,Bosworth,Con
06/05/2010,Bournemouth East,Con
06/05/2010,Bournemouth West,Con
06/05/2010,Bracknell,Con
06/05/2010,Bradford East,LD
06/05/2010,Bradford South,Lab
06/05/2010,Bradford West,Lab
06/05/2010,Braintree,Con
06/05/2010,Brecon and Radnorshire,LD
06/05/2010,Brent Central,LD
06/05/2010,Brent North,Lab
06/05/2010,Brentford and Isleworth,Con
06/05/2010,Brentwood and Ongar,Con
06/05/2010,Bridgend,Lab
06/05/2010,Bridgwater and West Somerset,Con
06/05/2010,Brigg and Goole,Con
06/05/2010,Brighton Kemptown,Con
06/05/2010,Brighton Pavilion,Grn
06/05/2010,Bristol East,Lab
06/05/2010,Bristol North West,Con
06/05/2010,Bristol South,Lab
06/05/2010,Bristol West,LD
06/05/2010,Broadland,Con
06/05/2010,Bromley and Chislehurst,Con
06/05/2010,Bromsgrove,Con
06/05/2010,Broxbourne,Con
06/05/2010,Broxtowe,Con
06/05/2010,Buckingham,Spkr
06/05/2010,Burnley,LD
06/05/2010,Burton,Con
06/05/2010,Bury North,Con
06/05/2010,Bury South,Lab
06/05/2010,Bury St Edmunds,Con
06/05/2010,Caerphilly,Lab
06/05/2010,"Caithness, Sutherland and Easter Ross",LD
06/05/2010,Calder Valley,Con
06/05/2010,Camberwell and Peckham,Lab
06/05/2010,Camborne and Redruth,Con
06/05/2010,Cambridge,LD
06/05/2010,Cannock Chase,Con
06/05/2010,Canterbury,Con
06/05/2010,Cardiff Central,LD
06/05/2010,Cardiff North,Con
06/05/2010,Cardiff South and Penarth,Lab
06/05/2010,Cardiff West,Lab
06/05/2010,Carlisle,Con
06/05/2010,Carmarthen East and Dinefwr,PC
06/05/2010,Carmarthen West and South Pembrokeshire,Con
06/05/2010,Carshalton and Wallington,LD
06/05/2010,Castle Point,Con
06/05/2010,Central Ayrshire,Lab
06/05/2010,Central Devon,Con
06/05/2010,Central Suffolk and North Ipswich,Con
06/05/2010,Ceredigion,LD
06/05/2010,Charnwood,Con
06/05/2010,Chatham and Aylesford,Con
06/05/2010,Cheadle,LD
06/05/2010,Chelmsford,Con
06/05/2010,Chelsea and Fulham,Con
06/05/2010,Cheltenham,LD
06/05/2010,Chesham and Amersham,Con
06/05/2010,Chesterfield,Lab
06/05/2010,Chichester,Con
06/05/2010,Chingford and Woodford Green,Con
06/05/2010,Chippenham,LD
06/05/2010,Chipping Barnet,Con
06/05/2010,Chorley,Lab
06/05/2010,Christchurch,Con
06/05/2010,Cities of London and Westminster,Con
06/05/2010,City of Chester,Con
06/05/2010,City of Durham,Lab
06/05/2010,Clacton,Con
06/05/2010,Cleethorpes,Con
06/05/2010,Clwyd South,Lab
06/05/2010,Clwyd West,Con
06/05/2010,"Coatbridge, Chryston and Bellshill",Lab
06/05/2010,Colchester,LD
06/05/2010,Colne Valley,Con
06/05/2010,Congleton,Con
06/05/2010,Copeland,Lab
06/05/2010,Corby,Con
06/05/2010,Coventry North East,Lab
06/05/2010,Coventry North West,Lab
06/05/2010,Coventry South,Lab
06/05/2010,Crawley,Con
06/05/2010,Crewe and Nantwich,Con
06/05/2010,Croydon Central,Con
06/05/2010,Croydon North,Lab
06/05/2010,Croydon South,Con
06/05/2010,"Cumbernauld, Kilsyth and Kirkintilloch East",Lab
06/05/2010,Cynon Valley,Lab
06/05/2010,Dagenham and Rainham,Lab
06/05/2010,Darlington,Lab
06/05/2010,Dartford,Con
06/05/2010,Daventry,Con
06/05/2010,Delyn,Lab
06/05/2010,Denton and Reddish,Lab
06/05/2010,Derby North,Lab
06/05/2010,Derby South,Lab
06/05/2010,Derbyshire Dales,Con
06/05/2010,Devizes,Con
06/05/2010,Dewsbury,Con
06/05/2010,Don Valley,Lab
06/05/2010,Doncaster Central,Lab
06/05/2010,Doncaster North,Lab
06/05/2010,Dover,Con
06/05/2010,Dudley North,Lab
06/05/2010,Dudley South,Con
06/05/2010,Dulwich and West Norwood,Lab
06/05/2010,Dumfries and Galloway,Lab
06/05/2010,"Dumfriesshire, Clydesdale and Tweeddale",Con
06/05/2010,Dundee East,SNP
06/05/2010,Dundee West,Lab
06/05/2010,Dunfermline and West Fife,Lab
06/05/2010,Dwyfor Meirionnydd,PC
06/05/2010,Ealing Central and Acton,Con
06/05/2010,Ealing North,Lab
06/05/2010,Ealing Southall,Lab
06/05/2010,Easington,Lab
06/05/2010,East Antrim,DUP
06/05/2010,East Devon,Con
06/05/2010,East Dunbartonshire,LD
06/05/2010,East Ham,Lab
06/05/2010,East Hampshire,Con
06/05/2010,"East Kilbride, Strathaven and Lesmahagow",Lab
06/05/2010,East Londonderry,DUP
06/05/2010,East Lothian,Lab
06/05/2010,East Renfrewshire,Lab
06/05/2010,East Surrey,Con
06/05/2010,East Worthing and Shoreham,Con
06/05/2010,East Yorkshire,Con
06/05/2010,Eastbourne,LD
06/05/2010,Eastleigh,LD
06/05/2010,Eddisbury,Con
06/05/2010,Edinburgh East,Lab
06/05/2010,Edinburgh North and Leith,Lab
06/05/2010,Edinburgh South,Lab
06/05/2010,Edinburgh South West,Lab
06/05/2010,Edinburgh West,LD
06/05/2010,Edmonton,Lab
06/05/2010,Ellesmere Port and Neston,Lab
06/05/2010,Elmet and Rothwell,Con
06/05/2010,Eltham,Lab
06/05/2010,Enfield North,Con
06/05/2010,Enfield Southgate,Con
06/05/2010,Epping Forest,Con
06/05/2010,Epsom and Ewell,Con
06/05/2010,Erewash,Con
06/05/2010,Erith and Thamesmead,Lab
06/05/2010,Esher and Walton,Con
06/05/2010,Exeter,Lab
06/05/2010,Falkirk,Lab
06/05/2010,Fareham,Con
06/05/2010,Faversham and Mid Kent,Con
06/05/2010,Feltham and Heston,Lab
06/05/2010,Fermanagh and South Tyrone,SF
06/05/2010,Filton and Bradley Stoke,Con
06/05/2010,Finchley and Golders Green,Con
06/05/2010,Folkestone and Hythe,Con
06/05/2010,Forest of Dean,Con
06/05/2010,Foyle,SDLP
06/05/2010,Fylde,Con
06/05/2010,Gainsborough,Con
06/05/2010,Garston and Halewood,Lab
06/05/2010,Gateshead,Lab
06/05/2010,Gedling,Lab
06/05/2010,Gillingham and Rainham,Con
06/05/2010,Glasgow Central,Lab
06/05/2010,Glasgow East,Lab
06/05/2010,Glasgow North,Lab
06/05/2010,Glasgow North East,Lab
06/05/2010,Glasgow North West,Lab
06/05/2010,Glasgow South,Lab
06/05/2010,Glasgow South West,Lab
06/05/2010,Glenrothes,Lab
06/05/2010,Gloucester,Con
06/05/2010,Gordon,LD
06/05/2010,Gosport,Con
06/05/2010,Gower,Lab
06/05/2010,Grantham and Stamford,Con
06/05/2010,Gravesham,Con
06/05/2010,Great Grimsby,Lab
06/05/2010,Great Yarmouth,Con
06/05/2010,Greenwich and Woolwich,Lab
06/05/2010,Guildford,Con
06/05/2010,Hackney North and Stoke Newington,Lab
06/05/2010,Hackney South and Shoreditch,Lab
06/05/2010,Halesowen and Rowley Regis,Con
06/05/2010,Halifax,Lab
06/05/2010,Haltemprice and Howden,Con
06/05/2010,Halton,Lab
06/05/2010,Hammersmith,Lab
06/05/2010,Hampstead and Kilburn,Lab
06/05/2010,Harborough,Con
06/05/2010,Harlow,Con
06/05/2010,Harrogate and Knaresborough,Con
06/05/2010,Harrow East,Con
06/05/2010,Harrow West,Lab
06/05/2010,Hartlepool,Lab
06/05/2010,Harwich and North Essex,Con
06/05/2010,Hastings and Rye,Con
06/05/2010,Havant,Con
06/05/2010,Hayes and Harlington,Lab
06/05/2010,Hazel Grove,LD
06/05/2010,Hemel Hempstead,Con
06/05/2010,Hemsworth,Lab
06/05/2010,Hendon,Con
06/05/2010,Henley,Con
06/05/2010,Hereford and South Herefordshire,Con
06/05/2010,Hertford and Stortford,Con
06/05/2010,Hertsmere,Con
06/05/2010,Hexham,Con
06/05/2010,Heywood and Middleton,Lab
06/05/2010,High Peak,Con
06/05/2010,Hitchin and Harpenden,Con
06/05/2010,Holborn and St Pancras,Lab
06/05/2010,Hornchurch and Upminster,Con
06/05/2010,Hornsey and Wood Green,LD
06/05/2010,Horsham,Con
06/05/2010,Houghton and Sunderland South,Lab
06/05/2010,Hove,Con
06/05/2010,Huddersfield,Lab
06/05/2010,Huntingdon,Con
06/05/2010,Hyndburn,Lab
06/05/2010,Ilford North,Con
06/05/2010,Ilford South,Lab
06/05/2010,Inverclyde,Lab
06/05/2010,"Inverness, Nairn, Badenoch and Strathspey",LD
06/05/2010,Ipswich,Con
06/05/2010,Isle of Wight,Con
06/05/2010,Islington North,Lab
06/05/2010,Islington South and Finsbury,Lab
06/05/2010,Islwyn,Lab
06/05/2010,Jarrow,Lab
06/05/2010,Keighley,Con
06/05/2010,Kenilworth and Southam,Con
06/05/2010,Kensington,Con
06/05/2010,Kettering,Con
06/05/2010,Kilmarnock and Loudoun,Lab
06/05/2010,Kingston and Surbiton,LD
06/05/2010,Kingston upon Hull East,Lab
06/05/2010,Kingston upon Hull North,Lab
06/05/2010,Kingston upon Hull West and Hessle,Lab
06/05/2010,Kingswood,Con
06/05/2010,Kirkcaldy and Cowdenbeath,Lab
06/05/2010,Knowsley,Lab
06/05/2010,Lagan Valley,DUP
06/05/2010,Lanark and Hamilton East,Lab
06/05/2010,Lancaster and Fleetwood,Con
06/05/2010,Leeds Central,Lab
06/05/2010,Leeds East,Lab
06/05/2010,Leeds North East,Lab
06/05/2010,Leeds North West,LD
06/05/2010,Leeds West,Lab
06/05/2010,Leicester East,Lab
06/05/2010,Leicester South,Lab
06/05/2010,Leicester West,Lab
06/05/2010,Leigh,Lab
06/05/2010,Lewes,LD
06/05/2010,Lewisham Deptford,Lab
06/05/2010,Lewisham East,Lab
06/05/2010,Lewisham West and Penge,Lab
06/05/2010,Leyton and Wanstead,Lab
06/05/2010,Lichfield,Con
06/05/2010,Lincoln,Con
06/05/2010,Linlithgow and East Falkirk,Lab
06/05/2010,Liverpool Riverside,Lab
06/05/2010,Liverpool Walton,Lab
06/05/2010,Liverpool Wavertree,Lab
06/05/2010,Liverpool West Derby,Lab
06/05/2010,Livingston,Lab
06/05/2010,Llanelli,Lab
06/05/2010,Loughborough,Con
06/05/2010,Louth and Horncastle,Con
06/05/2010,Ludlow,Con
06/05/2010,Luton North,Lab
06/05/2010,Luton South,Lab
06/05/2010,Macclesfield,Con
06/05/2010,Maidenhead,Con
06/05/2010,Maidstone and The Weald,Con
06/05/2010,Makerfield,Lab
06/05/2010,Maldon,Con
06/05/2010,Manchester Central,Lab
06/05/2010,Manchester Gorton,Lab
06/05/2010,Manchester Withington,LD
06/05/2010,Mansfield,Lab
06/05/2010,Meon Valley,Con
06/05/2010,Meriden,Con
06/05/2010,Merthyr Tydfil and Rhymney,Lab
06/05/2010,Mid Bedfordshire,Con
06/05/2010,Mid Derbyshire,Con
06/05/2010,Mid Dorset and North Poole,LD
06/05/2010,Mid Norfolk,Con
06/05/2010,Mid Sussex,Con
06/05/2010,Mid Ulster,SF
06/05/2010,Mid Worcestershire,Con
06/05/2010,Middlesbrough,Lab
06/05/2010,Middlesbrough South and East Cleveland,Lab
06/05/2010,Midlothian,Lab
06/05/2010,Milton Keynes North,Con
06/05/2010,Milton Keynes South,Con
06/05/2010,Mitcham and Morden,Lab
06/05/2010,Mole Valley,Con
06/05/2010,Monmouth,Con
06/05/2010,Montgomeryshire,Con
06/05/2010,Moray,SNP
06/05/2010,Morecambe and Lunesdale,Con
06/05/2010,Morley and Outwood,Lab
06/05/2010,Motherwell and Wishaw,Lab
06/05/2010,Na h-Eileanan an Iar,SNP
06/05/2010,Neath,Lab
06/05/2010,New Forest East,Con
06/05/2010,New Forest West,Con
06/05/2010,Newark,Con
06/05/2010,Newbury,Con
06/05/2010,Newcastle upon Tyne Central,Lab
06/05/2010,Newcastle upon Tyne East,Lab
06/05/2010,Newcastle upon Tyne North,Lab
06/05/2010,Newcastle-under-Lyme,Lab
06/05/2010,Newport East,Lab
06/05/2010,Newport West,Lab
06/05/2010,Newry and Armagh,SF
06/05/2010,Newton Abbot,Con
06/05/2010,"Normanton, Pontefract and Castleford",Lab
06/05/2010,North Antrim,DUP
06/05/2010,North Ayrshire and Arran,Lab
06/05/2010,North Cornwall,LD
06/05/2010,North Devon,LD
06/05/2010,North Dorset,Con
06/05/2010,North Down,Ind
06/05/2010,North Durham,Lab
06/05/2010,North East Bedfordshire,Con
06/05/2010,North East Cambridgeshire,Con
06/05/2010,North East Derbyshire,Lab
06/05/2010,North East Fife,LD
06/05/2010,North East Hampshire,Con
06/05/2010,North East Hertfordshire,Con
06/05/2010,North East Somerset,Con
06/05/2010,North Herefordshire,Con
06/05/2010,North Norfolk,LD
06/05/2010,North Shropshire,Con
06/05/2010,North Somerset,Con
06/05/2010,North Swindon,Con
06/05/2010,North Thanet,Con
06/05/2010,North Tyneside,Lab
06/05/2010,North Warwickshire,Con
06/05/2010,North West Cambridgeshire,Con
06/05/2010,North West Durham,Lab
06/05/2010,North West Hampshire,Con
06/05/2010,North West Leicestershire,Con
06/05/2010,North West Norfolk,Con
06/05/2010,North Wiltshire,Con
06/05/2010,Northampton North,Con
06/05/2010,Northampton South,Con
06/05/2010,Norwich North,Con
06/05/2010,Norwich South,LD
06/05/2010,Nottingham East,Lab
06/05/2010,Nottingham North,Lab
06/05/2010,Nottingham South,Lab
06/05/2010,Nuneaton,Con
06/05/2010,Ochil and South Perthshire,Lab
06/05/2010,Ogmore,Lab
06/05/2010,Old Bexley and Sidcup,Con
06/05/2010,Oldham East and Saddleworth,Lab
06/05/2010,Oldham West and Royton,Lab
06/05/2010,Orkney and Shetland,LD
06/05/2010,Orpington,Con
06/05/2010,Oxford East,Lab
06/05/2010,Oxford West and Abingdon,Con
06/05/2010,Paisley and Renfrewshire North,Lab
06/05/2010,Paisley and Renfrewshire South,Lab
06/05/2010,Pendle,Con
06/05/2010,Penistone and Stocksbridge,Lab
06/05/2010,Penrith and The Border,Con
06/05/2010,Perth and North Perthshire,SNP
06/05/2010,Peterborough,Con
06/05/2010,Plymouth Moor View,Lab
06/05/2010,Plymouth Sutton and Devonport,Con
06/05/2010,Pontypridd,Lab
06/05/2010,Poole,Con
06/05/2010,Poplar and Limehouse,Lab
06/05/2010,Portsmouth North,Con
06/05/2010,Portsmouth South,LD
06/05/2010,Preseli Pembrokeshire,Con
06/05/2010,Preston,Lab
06/05/2010,Pudsey,Con
06/05/2010,Putney,Con
06/05/2010,Rayleigh and Wickford,Con
06/05/2010,Reading East,Con
06/05/2010,Reading West,Con
06/05/2010,Redcar,LD
06/05/2010,Redditch,Con
06/05/2010,Reigate,Con
06/05/2010,Rhondda,Lab
06/05/2010,Ribble Valley,Con
06/05/2010,Richmond (Yorks),Con
06/05/2010,Richmond Park,Con
06/05/2010,Rochdale,Lab
06/05/2010,Rochester and Strood,Con
06/05/2010,Rochford and Southend East,Con
06/05/2010,Romford,Con
06/05/2010,Romsey and Southampton North,Con
06/05/2010,"Ross, Skye and Lochaber",LD
06/05/2010,Rossendale and Darwen,Con
06/05/2010,Rother Valley,Lab
06/05/2010,Rotherham,Lab
06/05/2010,Rugby,Con
06/05/2010,"Ruislip, Northwood and Pinner",Con
06/05/2010,Runnymede and Weybridge,Con
06/05/2010,Rushcliffe,Con
06/05/2010,Rutherglen and Hamilton West,Lab
06/05/2010,Rutland and Melton,Con
06/05/2010,Saffron Walden,Con
06/05/2010,Salford and Eccles,Lab
06/05/2010,Salisbury,Con
06/05/2010,Scarborough and Whitby,Con
06/05/2010,Scunthorpe,Lab
06/05/2010,Sedgefield,Lab
06/05/2010,Sefton Central,Lab
06/05/2010,Selby and Ainsty,Con
06/05/2010,Sevenoaks,Con
06/05/2010,Sheffield Brightside and Hillsborough,Lab
06/05/2010,Sheffield Central,Lab
06/05/2010,Sheffield Hallam,LD
06/05/2010,Sheffield Heeley,Lab
06/05/2010,Sheffield South East,Lab
06/05/2010,Sherwood,Con
06/05/2010,Shipley,Con
06/05/2010,Shrewsbury and Atcham,Con
06/05/2010,Sittingbourne and Sheppey,Con
06/05/2010,Skipton and Ripon,Con
06/05/2010,Sleaford and North Hykeham,Con
06/05/2010,Slough,Lab
06/05/2010,Solihull,LD
06/05/2010,Somerton and Frome,LD
06/05/2010,South Antrim,DUP
06/05/2010,South Basildon and East Thurrock,Con
06/05/2010,South Cambridgeshire,Con
06/05/2010,South Derbyshire,Con
06/05/2010,South Dorset,Con
06/05/2010,South Down,SDLP
06/05/2010,South East Cambridgeshire,Con
06/05/2010,South East Cornwall,Con
06/05/2010,South Holland and The Deepings,Con
06/05/2010,South Leicestershire,Con
06/05/2010,South Norfolk,Con
06/05/2010,South Northamptonshire,Con
06/05/2010,South Ribble,Con
06/05/2010,South Shields,Lab
06/05/2010,South Staffordshire,Con
06/05/2010,South Suffolk,Con
06/05/2010,South Swindon,Con
06/05/2010,South Thanet,Con
06/05/2010,South West Bedfordshire,Con
06/05/2010,South West Devon,Con
06/05/2010,South West Hertfordshire,Con
06/05/2010,South West Norfolk,Con
06/05/2010,South West Surrey,Con
06/05/2010,South West Wiltshire,Con
06/05/2010,Southampton Itchen,Lab
06/05/2010,Southampton Test,Lab
06/05/2010,Southend West,Con
06/05/2010,Southport,LD
06/05/2010,Spelthorne,Con
06/05/2010,St Albans,Con
06/05/2010,St Austell and Newquay,LD
06/05/2010,St Helens North,Lab
06/05/2010,St Helens South and Whiston,Lab
06/05/2010,St Ives,LD
06/05/2010,Stafford,Con
06/05/2010,Staffordshire Moorlands,Con
06/05/2010,Stalybridge and Hyde,Lab
06/05/2010,Stevenage,Con
06/05/2010,Stirling,Lab
06/05/2010,Stockport,Lab
06/05/2010,Stockton North,Lab
06/05/2010,Stockton South,Con
06/05/2010,Stoke-on-Trent Central,Lab
06/05/2010,Stoke-on-Trent North,Lab
06/05/2010,Stoke-on-Trent South,Lab
06/05/2010,Stone,Con
06/05/2010,Stourbridge,Con
06/05/2010,Strangford,DUP
06/05/2010,Stratford-on-Avon,Con
06/05/2010,Streatham,Lab
06/05/2010,Stretford and Urmston,Lab
06/05/2010,Stroud,Con
06/05/2010,Suffolk Coastal,Con
06/05/2010,Sunderland Central,Lab
06/05/2010,Surrey Heath,Con
06/05/2010,Sutton and Cheam,LD
06/05/2010,Sutton Coldfield,Con
06/05/2010,Swansea East,Lab
06/05/2010,Swansea West,Lab
06/05/2010,Tamworth,Con
06/05/2010,Tatton,Con
06/05/2010,Taunton Deane,LD
06/05/2010,Telford,Lab
06/05/2010,Tewkesbury,Con
06/05/2010,The Cotswolds,Con
06/05/2010,The Wrekin,Con
06/05/2010,Thirsk and Malton,Con
06/05/2010,Thornbury and Yate,LD
06/05/2010,Thurrock,Con
06/05/2010,Tiverton and Honiton,Con
06/05/2010,Tonbridge and Malling,Con
06/05/2010,Tooting,Lab
06/05/2010,Torbay,LD
06/05/2010,Torfaen,Lab
06/05/2010,Torridge and West Devon,Con
06/05/2010,Totnes,Con
06/05/2010,Tottenham,Lab
06/05/2010,Truro and Falmouth,Con
06/05/2010,Tunbridge Wells,Con
06/05/2010,Twickenham,LD
06/05/2010,Tynemouth,Lab
06/05/2010,Upper Bann,DUP
06/05/2010,Uxbridge and South Ruislip,Con
06/05/2010,Vale of Clwyd,Lab
06/05/2010,Vale of Glamorgan,Con
06/05/2010,Vauxhall,Lab
06/05/2010,Wakefield,Lab
06/05/2010,Wallasey,Lab
06/05/2010,Walsall North,Lab
06/05/2010,Walsall South,Lab
06/05/2010,Walthamstow,Lab
06/05/2010,Wansbeck,Lab
06/05/2010,Wantage,Con
06/05/2010,Warley,Lab
06/05/2010,Warrington North,Lab
06/05/2010,Warrington South,Con
06/05/2010,Warwick and Leamington,Con
06/05/2010,Washington and Sunderland West,Lab
06/05/2010,Watford,Con
06/05/2010,Waveney,Con
06/05/2010,Wealden,Con
06/05/2010,Weaver Vale,Con
06/05/2010,Wellingborough,Con
06/05/2010,Wells,LD
06/05/2010,Welwyn Hatfield,Con
06/05/2010,Wentworth and Dearne,Lab
06/05/2010,West Aberdeenshire and Kincardine,LD
06/05/2010,West Bromwich East,Lab
06/05/2010,West Bromwich West,Lab
06/05/2010,West Dorset,Con
06/05/2010,West Dunbartonshire,Lab
06/05/2010,West Ham,Lab
06/05/2010,West Lancashire,Lab
06/05/2010,West Suffolk,Con
06/05/2010,West Tyrone,SF
06/05/2010,West Worcestershire,Con
06/05/2010,Westminster North,Lab
06/05/2010,Westmorland and Lonsdale,LD
06/05/2010,Weston-Super-Mare,Con
06/05/2010,Wigan,Lab
06/05/2010,Wimbledon,Con
06/05/2010,Winchester,Con
06/05/2010,Windsor,Con
06/05/2010,Wirral South,Lab
06/05/2010,Wirral West,Con
06/05/2010,Witham,Con
06/05/2010,Witney,Con
06/05/2010,Woking,Con
06/05/2010,Wokingham,Con
06/05/2010,Wolverhampton North East,Lab
06/05/2010,Wolverhampton South East,Lab
06/05/2010,Wolverhampton South West,Con
06/05/2010,Worcester,Con
06/05/2010,Workington,Lab
06/05/2010,Worsley and Eccles South,Lab
06/05/2010,Worthing West,Con
06/05/2010,Wrexham,Lab
06/05/2010,Wycombe,Con
06/05/2010,Wyre and Preston North,Con
06/05/2010,Wyre Forest,Con
06/05/2010,Wythenshawe and Sale East,Lab
06/05/2010,Yeovil,LD
06/05/2010,Ynys Mon,Lab
06/05/2010,York Central,Lab
06/05/2010,York Outer,Con
05/05/2005,Aberavon,Lab
05/05/2005,Aberdeen North,Lab
05/05/2005,Aberdeen South,Lab
05/05/2005,Aberdeenshire West & Kincardine,LD 
05/05/2005,Airdrie & Shotts,Lab
05/05/2005,Aldershot,Con
05/05/2005,Aldridge-Brownhills,Con
05/05/2005,Altrincham and Sale West,Con
05/05/2005,Alyn and Deeside,Lab
05/05/2005,Amber Valley,Lab
05/05/2005,Angus,SNP
05/05/2005,Argyll & Bute,LD 
05/05/2005,Arundel and South Downs,Con
05/05/2005,Ashfield,Lab
05/05/2005,Ashford,Con
05/05/2005,Ashton under Lyne,Lab
05/05/2005,Aylesbury,Con
05/05/2005,"Ayr, Carrick, & Cumnock",Lab
05/05/2005,Ayrshire Central,Lab
05/05/2005,Ayrshire North & Arran,Lab
05/05/2005,Banbury,Con
05/05/2005,Banff & Buchan,SNP
05/05/2005,Barking,Lab
05/05/2005,Barnsley Central,Lab
05/05/2005,Barnsley East and Mexborough,Lab
05/05/2005,Barnsley West and Penistone,Lab
05/05/2005,Barrow and Furness,Lab
05/05/2005,Basildon,Lab
05/05/2005,Basingstoke,Con
05/05/2005,Bassetlaw,Lab
05/05/2005,Bath,LD 
05/05/2005,Batley and Spen,Lab
05/05/2005,Battersea,Lab
05/05/2005,Beaconsfield,Con
05/05/2005,Beckenham,Con
05/05/2005,Bedford,Lab
05/05/2005,Bedfordshire Mid,Con
05/05/2005,Bedfordshire North East,Con
05/05/2005,Bedfordshire South West,Con
05/05/2005,"Berwickshire, Roxburgh, & Selkirk",LD 
05/05/2005,Berwick-upon-Tweed,LD 
05/05/2005,Bethnal Green & Bow,Oth
05/05/2005,Beverley and Holderness,Con
05/05/2005,Bexhill and Battle,Con
05/05/2005,Bexleyheath and Crayford,Con
05/05/2005,Billericay,Con
05/05/2005,Birkenhead,Lab
05/05/2005,Birmingham Edgbaston,Lab
05/05/2005,Birmingham Erdington,Lab
05/05/2005,Birmingham Hall Green,Lab
05/05/2005,Birmingham Hodge Hill,Lab
05/05/2005,Birmingham Ladywood,Lab
05/05/2005,Birmingham Northfield,Lab
05/05/2005,Birmingham Perry Barr,Lab
05/05/2005,Birmingham Selly Oak,Lab
05/05/2005,Birmingham Sparkbrook and Small Heath,Lab
05/05/2005,Birmingham Yardley,LD 
05/05/2005,Bishop Auckland,Lab
05/05/2005,Blaby,Con
05/05/2005,Blackburn,Lab
05/05/2005,Blackpool North and Fleetwood,Lab
05/05/2005,Blackpool South,Lab
05/05/2005,Blaenau Gwent,Ind
05/05/2005,Blaydon,Lab
05/05/2005,Blyth Valley,Lab
05/05/2005,Bognor Regis and Littlehampton,Con
05/05/2005,Bolsover,Lab
05/05/2005,Bolton North East,Lab
05/05/2005,Bolton South East,Lab
05/05/2005,Bolton West,Lab
05/05/2005,Bootle,Lab
05/05/2005,Boston and Skegness,Con
05/05/2005,Bosworth,Con
05/05/2005,Bournemouth East,Con
05/05/2005,Bournemouth West,Con
05/05/2005,Bracknell,Con
05/05/2005,Bradford North,Lab
05/05/2005,Bradford South,Lab
05/05/2005,Bradford West,Lab
05/05/2005,Braintree,Con
05/05/2005,Brecon and Radnorshire,LD 
05/05/2005,Brent East,LD 
05/05/2005,Brent North,Lab
05/05/2005,Brent South,Lab
05/05/2005,Brentford and Isleworth,Lab
05/05/2005,Brentwood and Ongar,Con
05/05/2005,Bridgend,Lab
05/05/2005,Bridgwater,Con
05/05/2005,Brigg and Goole,Lab
05/05/2005,Brighton Kemptown,Lab
05/05/2005,Brighton Pavilion,Lab
05/05/2005,Bristol East,Lab
05/05/2005,Bristol North West,Lab
05/05/2005,Bristol South,Lab
05/05/2005,Bristol West,LD 
05/05/2005,Bromley & Chislehurst,Con
05/05/2005,Broxbourne,Con
05/05/2005,Broxtowe,Lab
05/05/2005,Buckingham,Con
05/05/2005,Burnley,Lab
05/05/2005,Burton,Lab
05/05/2005,Bury North,Lab
05/05/2005,Bury South,Lab
05/05/2005,Bury St Edmunds,Con
05/05/2005,Caernarfon,PC 
05/05/2005,Caerphilly,Lab
05/05/2005,"Caithness, Sutherland, & Easter Ross",LD 
05/05/2005,Calder Valley,Lab
05/05/2005,Camberwell and Peckham,Lab
05/05/2005,Cambridge,LD
05/05/2005,Cambridgeshire North East,Con
05/05/2005,Cambridgeshire North West,Con
05/05/2005,Cambridgeshire South,Con
05/05/2005,Cambridgeshire South East,Con
05/05/2005,Cannock Chase,Lab
05/05/2005,Canterbury,Con
05/05/2005,Cardiff Central,LD 
05/05/2005,Cardiff North,Lab
05/05/2005,Cardiff South and Penarth,Lab
05/05/2005,Cardiff West,Lab
05/05/2005,Carlisle,Lab
05/05/2005,Carmarthen East & Dinefwr,PC
05/05/2005,Carmarthen West & Pembrokeshire South,Lab
05/05/2005,Carshalton and Wallington,LD 
05/05/2005,Castle Point,Con
05/05/2005,Ceredigion,LD 
05/05/2005,Charnwood,Con
05/05/2005,Chatham and Aylesford,Lab
05/05/2005,Cheadle,LD 
05/05/2005,Chelmsford West,Con
05/05/2005,Cheltenham,LD 
05/05/2005,Chesham and Amersham,Con
05/05/2005,"Chester, City of",Lab
05/05/2005,Chesterfield,LD 
05/05/2005,Chichester,Con
05/05/2005,Chingford and Woodford Green,Con
05/05/2005,Chipping Barnet,Con
05/05/2005,Chorley,Lab
05/05/2005,Christchurch,Con
05/05/2005,Cities of London and Westminster,Con
05/05/2005,Cleethorpes,Lab
05/05/2005,Clwyd South,Lab
05/05/2005,Clwyd West,Con
05/05/2005,"Coatbridge, Chryston, & Bellshill",Lab
05/05/2005,Colchester,LD 
05/05/2005,Colne Valley,Lab
05/05/2005,Congleton,Con
05/05/2005,Conwy,Lab
05/05/2005,Copeland,Lab
05/05/2005,Corby,Lab
05/05/2005,Cornwall North,LD 
05/05/2005,Cornwall South East,LD 
05/05/2005,Cotswold,Con
05/05/2005,Coventry North East,Lab
05/05/2005,Coventry North West,Lab
05/05/2005,Coventry South,Lab
05/05/2005,Crawley,Lab
05/05/2005,Crewe & Nantwich,Lab
05/05/2005,Crosby,Lab
05/05/2005,Croydon Central,Con
05/05/2005,Croydon North,Lab
05/05/2005,Croydon South,Con
05/05/2005,"Cumbernauld, Kilsyth, & Kirkintilloch East",Lab
05/05/2005,Cynon Valley,Lab
05/05/2005,Dagenham,Lab
05/05/2005,Darlington,Lab
05/05/2005,Dartford,Lab
05/05/2005,Daventry,Con
05/05/2005,Delyn,Lab
05/05/2005,Denton and Reddish,Lab
05/05/2005,Derby North,Lab
05/05/2005,Derby South,Lab
05/05/2005,Derbyshire North East,Lab
05/05/2005,Derbyshire South,Lab
05/05/2005,Derbyshire West,Con
05/05/2005,Devizes,Con
05/05/2005,Devon East,Con
05/05/2005,Devon North,LD 
05/05/2005,Devon South West,Con
05/05/2005,Devon West and Torridge,Con
05/05/2005,Dewsbury,Lab
05/05/2005,Don Valley,Lab
05/05/2005,Doncaster Central,Lab
05/05/2005,Doncaster North,Lab
05/05/2005,Dorset Mid and Poole North,LD 
05/05/2005,Dorset North,Con
05/05/2005,Dorset South,Lab
05/05/2005,Dorset West,Con
05/05/2005,Dover,Lab
05/05/2005,Dudley North,Lab
05/05/2005,Dudley South,Lab
05/05/2005,Dulwich and West Norwood,Lab
05/05/2005,Dumfries & Galloway,Lab
05/05/2005,"Dumfriesshire, Clydesdale, & Tweeddale",Con
05/05/2005,Dunbartonshire East,LD 
05/05/2005,Dunbartonshire West,Lab
05/05/2005,Dundee East,SNP
05/05/2005,Dundee West,Lab
05/05/2005,Dunfermline & Fife West,Lab
05/05/2005,Durham North,Lab
05/05/2005,Durham North West,Lab
05/05/2005,"Durham, City of",Lab
05/05/2005,Ealing Acton and Shepherd's Bush,Lab
05/05/2005,Ealing North,Lab
05/05/2005,Ealing Southall,Lab
05/05/2005,Easington,Lab
05/05/2005,East Ham,Lab
05/05/2005,"East Kilbride, Strathaven, & Lesmahagow",Lab
05/05/2005,East Lothian,Lab
05/05/2005,Eastbourne,Con
05/05/2005,Eastleigh,LD 
05/05/2005,Eccles,Lab
05/05/2005,Eddisbury,Con
05/05/2005,Edinburgh East,Lab
05/05/2005,Edinburgh North & Leith,Lab
05/05/2005,Edinburgh South,Lab
05/05/2005,Edinburgh South West,Lab
05/05/2005,Edinburgh West,LD 
05/05/2005,Edmonton,Lab
05/05/2005,Ellesmere Port and Neston,Lab
05/05/2005,Elmet,Lab
05/05/2005,Eltham,Lab
05/05/2005,Enfield North,Lab
05/05/2005,Enfield Southgate,Con
05/05/2005,Epping Forest,Con
05/05/2005,Epsom & Ewell,Con
05/05/2005,Erewash,Lab
05/05/2005,Erith and Thamesmead,Lab
05/05/2005,Esher and Walton,Con
05/05/2005,Essex North,Con
05/05/2005,Exeter,Lab
05/05/2005,Falkirk,Lab
05/05/2005,Falmouth and Camborne,LD 
05/05/2005,Fareham,Con
05/05/2005,Faversham and Kent Mid,Con
05/05/2005,Feltham and Heston,Lab
05/05/2005,Fife North East,LD 
05/05/2005,Finchley and Golders Green,Lab
05/05/2005,Folkestone & Hythe,Con
05/05/2005,Forest of Dean,Con
05/05/2005,Fylde,Con
05/05/2005,Gainsborough,Con
05/05/2005,Gateshead East and Washington West,Lab
05/05/2005,Gedling,Lab
05/05/2005,Gillingham,Lab
05/05/2005,Glasgow Central,Lab
05/05/2005,Glasgow East,Lab
05/05/2005,Glasgow North,Lab
05/05/2005,Glasgow North East,Oth
05/05/2005,Glasgow North West,Lab
05/05/2005,Glasgow South,Lab
05/05/2005,Glasgow South West,Lab
05/05/2005,Glenrothes,Lab
05/05/2005,Gloucester,Lab
05/05/2005,Gordon,LD 
05/05/2005,Gosport,Con
05/05/2005,Gower,Lab
05/05/2005,Grantham and Stamford,Con
05/05/2005,Gravesham,Con
05/05/2005,Great Grimsby,Lab
05/05/2005,Great Yarmouth,Lab
05/05/2005,Greenwich and Woolwich,Lab
05/05/2005,Guildford,Con
05/05/2005,Hackney North and Stoke Newington,Lab
05/05/2005,Hackney South and Shoreditch,Lab
05/05/2005,Halesowen and Rowley Regis,Lab
05/05/2005,Halifax,Lab
05/05/2005,Haltemprice and Howden,Con
05/05/2005,Halton,Lab
05/05/2005,Hammersmith and Fulham,Con
05/05/2005,Hampshire East,Con
05/05/2005,Hampshire North East,Con
05/05/2005,Hampshire North West,Con
05/05/2005,Hampstead & Highgate,Lab
05/05/2005,Harborough,Con
05/05/2005,Harlow,Lab
05/05/2005,Harrogate and Knaresborough,LD 
05/05/2005,Harrow East,Lab
05/05/2005,Harrow West,Lab
05/05/2005,Hartlepool,Lab
05/05/2005,Harwich,Con
05/05/2005,Hastings and Rye,Lab
05/05/2005,Havant,Con
05/05/2005,Hayes and Harlington,Lab
05/05/2005,Hazel Grove,LD 
05/05/2005,Hemel Hempstead,Con
05/05/2005,Hemsworth,Lab
05/05/2005,Hendon,Lab
05/05/2005,Henley,Con
05/05/2005,Hereford,LD 
05/05/2005,Hertford and Stortford,Con
05/05/2005,Hertfordshire North East,Con
05/05/2005,Hertfordshire South West,Con
05/05/2005,Hertsmere,Con
05/05/2005,Hexham,Con
05/05/2005,Heywood and Middleton,Lab
05/05/2005,High Peak,Lab
05/05/2005,Hitchin and Harpenden,Con
05/05/2005,Holborn & St Pancras,Lab
05/05/2005,Hornchurch,Con
05/05/2005,Hornsey and Wood Green,LD 
05/05/2005,Horsham,Con
05/05/2005,Houghton and Washington East,Lab
05/05/2005,Hove,Lab
05/05/2005,Huddersfield,Lab
05/05/2005,Hull East,Lab
05/05/2005,Hull North,Lab
05/05/2005,Hull West and Hessle,Lab
05/05/2005,Huntingdon,Con
05/05/2005,Hyndburn,Lab
05/05/2005,Ilford North,Con
05/05/2005,Ilford South,Lab
05/05/2005,Inverclyde,Lab
05/05/2005,"Inverness, Nairn, Badenoch, & Strathspey",LD 
05/05/2005,Ipswich,Lab
05/05/2005,Isle of Wight,Con
05/05/2005,Islington North,Lab
05/05/2005,Islington South and Finsbury,Lab
05/05/2005,Islwyn,Lab
05/05/2005,Jarrow,Lab
05/05/2005,Keighley,Lab
05/05/2005,Kensington and Chelsea,Con
05/05/2005,Kettering,Con
05/05/2005,Kilmarnock & Loudoun,Lab
05/05/2005,Kingston and Surbiton,LD 
05/05/2005,Kingswood,Lab
05/05/2005,Kirkcaldy & Cowdenbeath,Lab
05/05/2005,Knowsley North and Sefton East,Lab
05/05/2005,Knowsley South,Lab
05/05/2005,Lanark & Hamilton East,Lab
05/05/2005,Lancashire West,Lab
05/05/2005,Lancaster and Wyre,Con
05/05/2005,Leeds Central,Lab
05/05/2005,Leeds East,Lab
05/05/2005,Leeds North East,Lab
05/05/2005,Leeds North West,LD 
05/05/2005,Leeds West,Lab
05/05/2005,Leicester East,Lab
05/05/2005,Leicester South,Lab
05/05/2005,Leicester West,Lab
05/05/2005,Leicestershire North West,Lab
05/05/2005,Leigh,Lab
05/05/2005,Leominster,Con
05/05/2005,Lewes,LD 
05/05/2005,Lewisham Deptford,Lab
05/05/2005,Lewisham East,Lab
05/05/2005,Lewisham West,Lab
05/05/2005,Leyton & Wanstead,Lab
05/05/2005,Lichfield,Con
05/05/2005,Lincoln,Lab
05/05/2005,Linlithgow & Falkirk East,Lab
05/05/2005,Liverpool Garston,Lab
05/05/2005,Liverpool Riverside,Lab
05/05/2005,Liverpool Walton,Lab
05/05/2005,Liverpool Wavertree,Lab
05/05/2005,Liverpool West Derby,Lab
05/05/2005,Livingston,Lab
05/05/2005,Llanelli,Lab
05/05/2005,Loughborough,Lab
05/05/2005,Louth and Horncastle,Con
05/05/2005,Ludlow,Con
05/05/2005,Luton North,Lab
05/05/2005,Luton South,Lab
05/05/2005,Macclesfield,Con
05/05/2005,Maidenhead,Con
05/05/2005,Maidstone and The Weald,Con
05/05/2005,Makerfield,Lab
05/05/2005,Maldon & Chelmsford East,Con
05/05/2005,Manchester Blackley,Lab
05/05/2005,Manchester Central,Lab
05/05/2005,Manchester Gorton,Lab
05/05/2005,Manchester Withington,LD 
05/05/2005,Mansfield,Lab
05/05/2005,Medway,Lab
05/05/2005,Meirionnydd Nant Conwy,PC
05/05/2005,Meriden,Con
05/05/2005,Merthyr Tydfil & Rhymney,Lab
05/05/2005,Middlesbrough,Lab
05/05/2005,Middlesbrough South and Cleveland East,Lab
05/05/2005,Midlothian,Lab
05/05/2005,Milton Keynes North East,Con
05/05/2005,Milton Keynes South West,Lab
05/05/2005,Mitcham and Morden,Lab
05/05/2005,Mole Valley,Con
05/05/2005,Monmouth,Con
05/05/2005,Montgomeryshire,LD
05/05/2005,Moray,SNP
05/05/2005,Morecambe and Lunesdale,Lab
05/05/2005,Morley and Rothwell,Lab
05/05/2005,Motherwell & Wishaw,Lab
05/05/2005,Na h-Eileanan an Iar,SNP
05/05/2005,Neath,Lab
05/05/2005,New Forest East,Con
05/05/2005,New Forest West,Con
05/05/2005,Newark,Con
05/05/2005,Newbury,Con
05/05/2005,Newcastle upon Tyne Central,Lab
05/05/2005,Newcastle upon Tyne East and Wallsend,Lab
05/05/2005,Newcastle upon Tyne North,Lab
05/05/2005,Newcastle-under-Lyme,Lab
05/05/2005,Newport East,Lab
05/05/2005,Newport West,Lab
05/05/2005,Norfolk Mid,Con
05/05/2005,Norfolk North,LD
05/05/2005,Norfolk North West,Con
05/05/2005,Norfolk South,Con
05/05/2005,Norfolk South West,Con
05/05/2005,Normanton,Lab
05/05/2005,Northampton North,Lab
05/05/2005,Northampton South,Con
05/05/2005,Northavon,LD 
05/05/2005,Norwich North,Lab
05/05/2005,Norwich South,Lab
05/05/2005,Nottingham East,Lab
05/05/2005,Nottingham North,Lab
05/05/2005,Nottingham South,Lab
05/05/2005,Nuneaton,Lab
05/05/2005,Ochil & Perthshire South,Lab
05/05/2005,Ogmore,Lab
05/05/2005,Old Bexley & Sidcup,Con
05/05/2005,Oldham East and Saddleworth,Lab
05/05/2005,Oldham West and Royton,Lab
05/05/2005,Orkney & Shetland,LD 
05/05/2005,Orpington,Con
05/05/2005,Oxford East,Lab
05/05/2005,Oxford West & Abingdon,LD 
05/05/2005,Paisley & Renfrewshire North,Lab
05/05/2005,Paisley & Renfrewshire South,Lab
05/05/2005,Pendle,Lab
05/05/2005,Penrith and The Border,Con
05/05/2005,Perth and Perthshire North,SNP
05/05/2005,Peterborough,Con
05/05/2005,Plymouth Devonport,Lab
05/05/2005,Plymouth Sutton,Lab
05/05/2005,Pontefract and Castleford,Lab
05/05/2005,Pontypridd,Lab
05/05/2005,Poole,Con
05/05/2005,Poplar and Canning Town,Lab
05/05/2005,Portsmouth North,Lab
05/05/2005,Portsmouth South,LD 
05/05/2005,Preseli Pembrokeshire,Con
05/05/2005,Preston,Lab
05/05/2005,Pudsey,Lab
05/05/2005,Putney,Con
05/05/2005,Rayleigh,Con
05/05/2005,Reading East,Con
05/05/2005,Reading West,Lab
05/05/2005,Redcar,Lab
05/05/2005,Redditch,Lab
05/05/2005,Regent's Park and Kensington North,Lab
05/05/2005,Reigate,Con
05/05/2005,Renfrewshire East,Lab
05/05/2005,Rhondda,Lab
05/05/2005,Ribble South,Lab
05/05/2005,Ribble Valley,Con
05/05/2005,Richmond Park,LD 
05/05/2005,"Richmond, North Yorkshire",Con
05/05/2005,Rochdale,LD 
05/05/2005,Rochford and Southend East,Con
05/05/2005,Romford,Con
05/05/2005,Romsey,LD 
05/05/2005,"Ross, Skye, & Lochaber",LD 
05/05/2005,Rossendale and Darwen,Lab
05/05/2005,Rother Valley,Lab
05/05/2005,Rotherham,Lab
05/05/2005,Rugby & Kenilworth,Con
05/05/2005,Ruislip-Northwood,Con
05/05/2005,Runnymede and Weybridge,Con
05/05/2005,Rushcliffe,Con
05/05/2005,Rutherglen & Hamilton West,Lab
05/05/2005,Rutland & Melton,Con
05/05/2005,Ryedale,Con
05/05/2005,Saffron Walden,Con
05/05/2005,Salford,Lab
05/05/2005,Salisbury,Con
05/05/2005,Scarborough and Whitby,Con
05/05/2005,Scunthorpe,Lab
05/05/2005,Sedgefield,Lab
05/05/2005,Selby,Lab
05/05/2005,Sevenoaks,Con
05/05/2005,Sheffield Attercliffe,Lab
05/05/2005,Sheffield Brightside,Lab
05/05/2005,Sheffield Central,Lab
05/05/2005,Sheffield Hallam,LD 
05/05/2005,Sheffield Heeley,Lab
05/05/2005,Sheffield Hillsborough,Lab
05/05/2005,Sherwood,Lab
05/05/2005,Shipley,Con
05/05/2005,Shrewsbury and Atcham,Con
05/05/2005,Shropshire North,Con
05/05/2005,Sittingbourne and Sheppey,Lab
05/05/2005,Skipton and Ripon,Con
05/05/2005,Sleaford and North Hykeham,Con
05/05/2005,Slough,Lab
05/05/2005,Solihull,LD 
05/05/2005,Somerton and Frome,LD 
05/05/2005,South Holland and The Deepings,Con
05/05/2005,South Shields,Lab
05/05/2005,Southampton Itchen,Lab
05/05/2005,Southampton Test,Lab
05/05/2005,Southend West,Con
05/05/2005,Southport,LD
05/05/2005,Southwark North & Bermondsey,LD 
05/05/2005,Spelthorne,Con
05/05/2005,St Albans,Con
05/05/2005,St Helens North,Lab
05/05/2005,St Helens South,Lab
05/05/2005,St Ives,LD 
05/05/2005,Stafford,Lab
05/05/2005,Staffordshire Moorlands,Lab
05/05/2005,Staffordshire South,
05/05/2005,Stalybridge and Hyde,Lab
05/05/2005,Stevenage,Lab
05/05/2005,Stirling,Lab
05/05/2005,Stockport,Lab
05/05/2005,Stockton North,Lab
05/05/2005,Stockton South,Lab
05/05/2005,Stoke-on-Trent Central,Lab
05/05/2005,Stoke-on-Trent North,Lab
05/05/2005,Stoke-on-Trent South,Lab
05/05/2005,Stone,Con
05/05/2005,Stourbridge,Lab
05/05/2005,Stratford-on-Avon,Con
05/05/2005,Streatham,Lab
05/05/2005,Stretford and Urmston,Lab
05/05/2005,Stroud,Lab
05/05/2005,Suffolk Central & Ipswich North,Con
05/05/2005,Suffolk Coastal,Con
05/05/2005,Suffolk South,Con
05/05/2005,Suffolk West,Con
05/05/2005,Sunderland North,Lab
05/05/2005,Sunderland South,Lab
05/05/2005,Surrey East,Con
05/05/2005,Surrey Heath,Con
05/05/2005,Surrey South West,Con
05/05/2005,Sussex Mid,Con
05/05/2005,Sutton and Cheam,LD 
05/05/2005,Sutton Coldfield,Con
05/05/2005,Swansea East,Lab
05/05/2005,Swansea West,Lab
05/05/2005,Swindon North,Lab
05/05/2005,Swindon South,Lab
05/05/2005,Tamworth,Lab
05/05/2005,Tatton,Con
05/05/2005,Taunton,LD 
05/05/2005,Teignbridge,LD 
05/05/2005,Telford,Lab
05/05/2005,Tewkesbury,Con
05/05/2005,Thanet North,Con
05/05/2005,Thanet South,Lab
05/05/2005,Thurrock,Lab
05/05/2005,Tiverton and Honiton,Con
05/05/2005,Tonbridge and Malling,Con
05/05/2005,Tooting,Lab
05/05/2005,Torbay,LD 
05/05/2005,Torfaen,Lab
05/05/2005,Totnes,Con
05/05/2005,Tottenham,Lab
05/05/2005,Truro and St Austell,LD 
05/05/2005,Tunbridge Wells,Con
05/05/2005,Twickenham,LD 
05/05/2005,Tyne Bridge,Lab
05/05/2005,Tynemouth,Lab
05/05/2005,Tyneside North,Lab
05/05/2005,Upminster,Con
05/05/2005,Uxbridge,Con
05/05/2005,Vale of Clwyd,Lab
05/05/2005,Vale of Glamorgan,Lab
05/05/2005,Vale of York,Con
05/05/2005,Vauxhall,Lab
05/05/2005,Wakefield,Lab
05/05/2005,Wallasey,Lab
05/05/2005,Walsall North,Lab
05/05/2005,Walsall South,Lab
05/05/2005,Walthamstow,Lab
05/05/2005,Wansbeck,Lab
05/05/2005,Wansdyke,Lab
05/05/2005,Wantage,Con
05/05/2005,Warley,Lab
05/05/2005,Warrington North,Lab
05/05/2005,Warrington South,Lab
05/05/2005,Warwick & Leamington,Lab
05/05/2005,Warwickshire North,Lab
05/05/2005,Watford,Lab
05/05/2005,Waveney,Lab
05/05/2005,Wealden,Con
05/05/2005,Weaver Vale,Lab
05/05/2005,Wellingborough,Con
05/05/2005,Wells,Con
05/05/2005,Welwyn Hatfield,Con
05/05/2005,Wentworth,Lab
05/05/2005,West Bromwich East,Lab
05/05/2005,West Bromwich West,Lab
05/05/2005,West Ham,Lab
05/05/2005,Westbury,Con
05/05/2005,Westmorland and Lonsdale,LD
05/05/2005,Weston-Super-Mare,Con
05/05/2005,Wigan,Lab
05/05/2005,Wiltshire North,Con
05/05/2005,Wimbledon,Con
05/05/2005,Winchester,LD 
05/05/2005,Windsor,Con
05/05/2005,Wirral South,Lab
05/05/2005,Wirral West,Lab
05/05/2005,Witney,Con
05/05/2005,Woking,Con
05/05/2005,Wokingham,Con
05/05/2005,Wolverhampton North East,Lab
05/05/2005,Wolverhampton South East,Lab
05/05/2005,Wolverhampton South West,Lab
05/05/2005,Woodspring,Con
05/05/2005,Worcester,Lab
05/05/2005,Worcestershire Mid,Con
05/05/2005,Worcestershire West,Con
05/05/2005,Workington,Lab
05/05/2005,Worsley,Lab
05/05/2005,Worthing East & Shoreham,Con
05/05/2005,Worthing West,Con
05/05/2005,"Wrekin, The",Con
05/05/2005,Wrexham,Lab
05/05/2005,Wycombe,Con
05/05/2005,Wyre Forest,IKHH
05/05/2005,Wythenshawe and Sale East,Lab
05/05/2005,Yeovil,LD 
05/05/2005,Ynys Mn,Lab
05/05/2005,York Central,Lab
05/05/2005,York Outer,Con
